dt,EURUSD,GBPUSD,COMBINADO
2012-11-16,1005.8250000000002,1004.6850000000009,1010.5100000000011
2012-11-17,,,
2012-11-18,,,
2012-11-19,1000.8850000000004,1005.240000000002,1006.1250000000025
2012-11-20,997.5350000000008,1003.5300000000013,1001.0650000000021
2012-11-21,1003.6600000000009,1001.1200000000014,1004.7800000000022
2012-11-22,992.7900000000004,1007.4250000000012,1000.2150000000015
2012-11-23,976.5999999999995,991.8600000000005,968.46
2012-11-24,,,
2012-11-25,,,
2012-11-26,972.3799999999998,992.805,965.1849999999997
2012-11-27,985.9349999999995,999.4050000000001,985.3399999999997
2012-11-28,984.5149999999995,1002.33,986.8449999999996
2012-11-29,984.9899999999993,1001.7700000000009,986.7600000000002
2012-11-30,985.589999999999,1008.9950000000007,994.5849999999996
2012-12-01,,,
2012-12-02,,,
2012-12-03,974.6899999999982,999.6000000000001,974.2899999999984
2012-12-04,969.7899999999981,999.9399999999998,969.729999999998
2012-12-05,976.759999999998,1001.0849999999999,977.844999999998
2012-12-06,990.3999999999979,1003.5200000000001,993.919999999998
2012-12-07,990.2199999999981,1003.3400000000003,993.5599999999984
2012-12-08,,,
2012-12-09,,,
2012-12-10,990.0399999999983,1003.1600000000004,993.1999999999987
2012-12-11,989.8599999999984,1003.1000000000013,992.9599999999996
2012-12-12,985.719999999998,997.0600000000001,982.7799999999979
2012-12-13,984.6599999999981,991.35,976.0099999999982
2012-12-14,968.6199999999975,995.4900000000022,964.1099999999997
2012-12-15,,,
2012-12-16,,,
2012-12-17,969.0799999999974,992.9000000000012,961.9799999999987
2012-12-18,957.6799999999972,984.8900000000014,942.5699999999986
2012-12-19,964.7449999999959,984.465000000002,949.2099999999978
2012-12-20,966.6949999999958,987.4150000000018,954.1099999999976
2012-12-21,972.414999999996,991.6700000000018,964.0849999999978
2012-12-22,,,
2012-12-23,,,
2012-12-24,972.2349999999961,995.8200000000013,968.0549999999976
2012-12-25,,,
2012-12-26,968.7549999999962,1000.1100000000016,968.864999999998
2012-12-27,973.8949999999966,998.6050000000012,972.4999999999977
2012-12-28,975.7049999999967,1001.5500000000013,977.2549999999981
2012-12-29,,,
2012-12-30,,,
2012-12-31,977.3749999999969,1001.3700000000015,978.7449999999985
2013-01-01,976.3349999999971,1001.1900000000016,977.5249999999987
2013-01-02,986.8749999999965,950.670000000002,937.5449999999985
2013-01-03,992.8099999999966,921.510000000002,914.3199999999988
2013-01-04,992.6299999999968,914.1500000000015,906.7799999999984
2013-01-05,,,
2013-01-06,,,
2013-01-07,992.449999999997,902.7800000000017,895.2299999999987
2013-01-08,992.2699999999971,920.3800000000009,912.649999999998
2013-01-09,992.0899999999973,919.0900000000022,911.1799999999994
2013-01-10,982.0799999999974,917.6700000000021,899.7499999999995
2013-01-11,967.409999999997,933.3350000000024,900.7449999999994
2013-01-12,,,
2013-01-13,,,
2013-01-14,962.1799999999964,942.3600000000021,904.5399999999986
2013-01-15,975.4549999999965,942.180000000002,917.6349999999984
2013-01-16,978.9699999999966,941.8450000000023,920.8149999999989
2013-01-17,978.6699999999965,944.5050000000031,923.1749999999997
2013-01-18,989.9949999999965,924.0400000000033,914.0349999999999
2013-01-19,,,
2013-01-20,,,
2013-01-21,990.2649999999965,920.0350000000044,910.3000000000009
2013-01-22,998.1349999999962,931.5650000000041,929.7000000000003
2013-01-23,1005.1599999999962,935.8850000000056,941.0450000000019
2013-01-24,995.1399999999954,927.7100000000063,922.8500000000017
2013-01-25,983.6599999999945,934.865000000006,918.5250000000005
2013-01-26,,,
2013-01-27,,,
2013-01-28,987.1799999999944,922.3900000000067,909.5700000000011
2013-01-29,979.5799999999945,929.1200000000068,908.7000000000012
2013-01-30,968.1699999999936,928.9400000000068,897.1100000000004
2013-01-31,965.7199999999935,930.5000000000068,896.2200000000003
2013-02-01,965.0149999999938,944.7300000000073,909.7450000000013
2013-02-02,,,
2013-02-03,,,
2013-02-04,933.1849999999939,955.3700000000075,888.5550000000014
2013-02-05,956.7949999999939,946.610000000008,903.405000000002
2013-02-06,937.4749999999938,948.015000000008,885.4900000000016
2013-02-07,901.7799999999936,953.6400000000077,855.4200000000014
2013-02-08,898.3599999999942,962.0050000000076,860.3650000000018
2013-02-09,,,
2013-02-10,,,
2013-02-11,906.279999999994,965.0600000000072,871.340000000001
2013-02-12,914.434999999994,960.6300000000077,875.0650000000019
2013-02-13,913.944999999994,947.1950000000072,861.1400000000012
2013-02-14,901.3999999999947,956.0650000000071,857.465000000002
2013-02-15,907.5699999999949,959.1800000000071,866.750000000002
2013-02-16,,,
2013-02-17,,,
2013-02-18,906.0499999999951,973.2450000000078,879.2950000000028
2013-02-19,912.584999999995,971.0200000000071,883.6050000000023
2013-02-20,895.599999999995,915.4950000000073,811.0950000000023
2013-02-21,881.3199999999957,902.355000000008,783.6750000000038
2013-02-22,882.5699999999955,907.7300000000075,790.3000000000029
2013-02-23,,,
2013-02-24,,,
2013-02-25,861.4099999999944,901.7200000000083,763.1300000000028
2013-02-26,875.7999999999937,902.4000000000079,778.2000000000016
2013-02-27,888.7949999999939,905.0400000000078,793.8350000000019
2013-02-28,883.6399999999937,904.8600000000077,788.5000000000014
2013-03-01,877.0599999999928,878.9700000000076,756.0300000000004
2013-03-02,,,
2013-03-03,,,
2013-03-04,878.1599999999929,869.840000000008,748.0000000000009
2013-03-05,884.1149999999927,868.0600000000082,752.1750000000011
2013-03-06,875.7399999999927,859.5900000000076,735.3300000000004
2013-03-07,893.7999999999928,868.3750000000082,762.1750000000011
2013-03-08,891.5999999999921,849.7100000000084,741.3100000000004
2013-03-09,,,
2013-03-10,,,
2013-03-11,897.9849999999923,843.2300000000087,741.215000000001
2013-03-12,897.1649999999925,847.3450000000087,744.5100000000011
2013-03-13,885.9199999999918,843.1050000000089,729.0250000000005
2013-03-14,899.4149999999916,807.9500000000094,707.3650000000009
2013-03-15,907.6399999999917,796.0950000000103,703.735000000002
2013-03-16,,,
2013-03-17,,,
2013-03-18,891.8749999999911,800.7300000000091,692.6050000000002
2013-03-19,876.3999999999908,815.9850000000102,692.3850000000011
2013-03-20,891.6849999999909,822.0200000000107,713.7050000000015
2013-03-21,888.0349999999912,832.445000000011,720.4800000000023
2013-03-22,896.7549999999912,825.6000000000109,722.3550000000023
2013-03-23,,,
2013-03-24,,,
2013-03-25,888.9799999999898,835.7000000000113,724.6800000000012
2013-03-26,893.4099999999894,835.5200000000112,728.9300000000007
2013-03-27,880.8549999999893,838.7200000000112,719.5750000000005
2013-03-28,878.5899999999893,845.1600000000113,723.7500000000007
2013-03-29,878.4499999999894,844.9800000000113,723.4300000000007
2013-03-30,,,
2013-03-31,,,
2013-04-01,881.4599999999896,846.7700000000114,728.2300000000009
2013-04-02,885.6399999999899,855.8100000000106,741.4500000000005
2013-04-03,885.6549999999897,860.170000000011,745.8250000000007
2013-04-04,869.5199999999903,859.5800000000099,729.1000000000004
2013-04-05,857.0299999999904,826.0100000000118,683.0400000000022
2013-04-06,,,
2013-04-07,,,
2013-04-08,851.5299999999902,808.9200000000126,660.4500000000028
2013-04-09,839.5599999999909,825.1700000000109,664.7300000000018
2013-04-10,845.0199999999909,823.4900000000117,668.5100000000025
2013-04-11,838.6899999999907,816.2700000000115,654.9600000000023
2013-04-12,844.3099999999903,822.8850000000114,667.1950000000015
2013-04-13,,,
2013-04-14,,,
2013-04-15,856.9349999999906,829.8000000000108,686.7350000000015
2013-04-16,836.4799999999907,840.6500000000113,677.1300000000019
2013-04-17,855.429999999991,836.9600000000107,692.3900000000017
2013-04-18,855.2499999999909,844.190000000011,699.4400000000019
2013-04-19,855.0699999999908,841.6500000000111,696.7200000000021
2013-04-20,,,
2013-04-21,,,
2013-04-22,854.8899999999908,851.5900000000112,706.4800000000018
2013-04-23,854.7099999999907,859.0700000000114,713.780000000002
2013-04-24,854.5299999999907,864.9950000000113,719.5250000000019
2013-04-25,854.3499999999906,855.1150000000126,709.4650000000033
2013-04-26,854.1699999999905,856.3100000000123,710.4800000000027
2013-04-27,,,
2013-04-28,,,
2013-04-29,853.9899999999905,839.6600000000129,693.6500000000033
2013-04-30,847.429999999991,845.4600000000127,692.8900000000035
2013-05-01,844.3599999999911,857.5200000000132,701.8800000000042
2013-05-02,875.1149999999917,860.905000000013,736.0200000000048
2013-05-03,878.4999999999918,871.1050000000133,749.605000000005
2013-05-04,,,
2013-05-05,,,
2013-05-06,889.0349999999918,880.8100000000144,769.8450000000062
2013-05-07,892.1899999999918,866.2900000000145,758.4800000000064
2013-05-08,880.0099999999919,884.4450000000152,764.4550000000072
2013-05-09,900.4299999999922,885.3100000000152,785.7400000000075
2013-05-10,900.2499999999922,869.1150000000158,769.365000000008
2013-05-11,,,
2013-05-12,,,
2013-05-13,900.0699999999921,859.4500000000153,759.5200000000073
2013-05-14,899.889999999992,867.6050000000178,767.4950000000099
2013-05-15,899.709999999992,880.4500000000181,780.1600000000101
2013-05-16,899.5299999999919,870.6150000000185,770.1450000000104
2013-05-17,903.4299999999917,867.7900000000182,771.2200000000098
2013-05-18,,,
2013-05-19,,,
2013-05-20,914.0049999999916,875.8400000000184,789.84500000001
2013-05-21,916.0749999999917,877.1850000000186,793.2600000000102
2013-05-22,913.6699999999915,856.0400000000193,769.710000000011
2013-05-23,926.7949999999913,866.5700000000197,793.3650000000112
2013-05-24,931.1599999999914,866.3900000000197,797.5500000000111
2013-05-25,,,
2013-05-26,,,
2013-05-27,930.9799999999914,866.2100000000196,797.190000000011
2013-05-28,924.3799999999919,863.7250000000191,788.1050000000109
2013-05-29,940.984999999992,873.4200000000192,814.4050000000111
2013-05-30,946.379999999992,873.2400000000191,819.6200000000113
2013-05-31,946.199999999992,873.060000000019,819.2600000000111
2013-06-01,,,
2013-06-02,,,
2013-06-03,946.0199999999919,848.8400000000203,794.8600000000122
2013-06-04,945.8399999999918,851.3250000000206,797.1650000000125
2013-06-05,945.6599999999918,868.6450000000194,814.3050000000112
2013-06-06,918.0299999999927,880.5750000000209,798.6050000000137
2013-06-07,926.3899999999928,868.4250000000211,794.8150000000139
2013-06-08,,,
2013-06-09,,,
2013-06-10,923.689999999993,879.0200000000212,802.7100000000141
2013-06-11,919.1099999999925,891.6500000000212,810.7600000000139
2013-06-12,917.1899999999916,889.8500000000217,807.0400000000134
2013-06-13,918.5699999999912,888.0300000000219,806.6000000000131
2013-06-14,924.6699999999915,901.7200000000224,826.390000000014
2013-06-15,,,
2013-06-16,,,
2013-06-17,921.0499999999914,903.8200000000218,824.8700000000131
2013-06-18,917.589999999991,923.8900000000223,841.4800000000132
2013-06-19,939.2749999999909,895.3800000000215,834.6550000000125
2013-06-20,949.129999999991,883.3350000000221,832.4650000000131
2013-06-21,948.9499999999912,903.9000000000217,852.8500000000129
2013-06-22,,,
2013-06-23,,,
2013-06-24,948.7699999999913,903.6700000000218,852.4400000000132
2013-06-25,948.5899999999915,908.450000000022,857.0400000000136
2013-06-26,948.4099999999917,898.5600000000218,846.9700000000134
2013-06-27,948.2299999999918,887.940000000022,836.1700000000137
2013-06-28,948.049999999992,872.2200000000219,820.2700000000139
2013-06-29,,,
2013-06-30,,,
2013-07-01,947.8699999999922,869.4350000000218,817.3050000000139
2013-07-02,947.6899999999923,867.9500000000216,815.640000000014
2013-07-03,947.5099999999925,874.6700000000232,822.1800000000158
2013-07-04,947.8699999999919,869.440000000024,817.3100000000159
2013-07-05,928.8199999999919,825.8500000000242,754.670000000016
2013-07-06,,,
2013-07-07,,,
2013-07-08,936.4599999999922,814.8850000000244,751.3450000000166
2013-07-09,924.1999999999913,823.0950000000246,747.295000000016
2013-07-10,949.7599999999914,798.0000000000243,747.7600000000157
2013-07-11,949.5799999999915,769.6250000000254,719.2050000000168
2013-07-12,949.3999999999917,756.5850000000257,705.9850000000174
2013-07-13,,,
2013-07-14,,,
2013-07-15,949.2199999999918,760.2750000000268,709.4950000000185
2013-07-16,949.039999999992,784.6300000000272,733.6700000000192
2013-07-17,948.8599999999922,826.475000000027,775.3350000000191
2013-07-18,948.6799999999923,832.0200000000275,780.7000000000198
2013-07-19,948.4999999999925,829.2800000000277,777.7800000000202
2013-07-20,,,
2013-07-21,,,
2013-07-22,948.3199999999927,811.3600000000284,759.6800000000212
2013-07-23,948.1399999999928,814.4100000000283,762.5500000000211
2013-07-24,947.959999999993,824.6000000000283,772.5600000000213
2013-07-25,947.7799999999932,833.4000000000291,781.1800000000221
2013-07-26,947.5999999999933,838.3450000000291,785.9450000000224
2013-07-27,,,
2013-07-28,,,
2013-07-29,947.4199999999935,846.9000000000293,794.3200000000229
2013-07-30,947.2399999999936,846.7200000000292,793.9600000000228
2013-07-31,949.3399999999937,854.0800000000286,803.4200000000224
2013-08-01,958.9499999999939,854.8300000000288,813.7800000000227
2013-08-02,958.7699999999941,822.3900000000277,781.1600000000217
2013-08-03,,,
2013-08-04,,,
2013-08-05,968.5799999999941,809.995000000029,778.575000000023
2013-08-06,960.549999999994,814.9500000000294,775.5000000000234
2013-08-07,958.9499999999935,785.9750000000297,744.9250000000231
2013-08-08,953.8599999999926,791.0950000000299,744.9550000000227
2013-08-09,962.2799999999932,784.6350000000301,746.9150000000232
2013-08-10,,,
2013-08-11,,,
2013-08-12,967.4949999999928,779.6600000000311,747.1550000000238
2013-08-13,971.4399999999931,780.9500000000305,752.3900000000235
2013-08-14,971.2599999999932,800.5550000000303,771.8150000000235
2013-08-15,972.7199999999931,781.8000000000305,754.5200000000236
2013-08-16,977.309999999993,786.7150000000306,764.0250000000237
2013-08-17,,,
2013-08-18,,,
2013-08-19,975.6299999999932,785.0100000000305,760.6400000000235
2013-08-20,962.7999999999922,788.1100000000303,750.9100000000226
2013-08-21,974.7549999999924,798.4150000000302,773.1700000000226
2013-08-22,974.8049999999924,801.0200000000303,775.8250000000228
2013-08-23,972.3649999999927,800.8400000000303,773.2050000000231
2013-08-24,,,
2013-08-25,,,
2013-08-26,973.0749999999928,800.6600000000302,773.7350000000229
2013-08-27,970.8949999999929,800.4800000000301,771.3750000000232
2013-08-28,975.7549999999933,817.4250000000296,793.180000000023
2013-08-29,982.3499999999933,814.8850000000298,797.2350000000231
2013-08-30,982.1699999999935,815.6300000000298,797.8000000000234
2013-08-31,,,
2013-09-01,,,
2013-09-02,981.9899999999936,824.0900000000295,806.0800000000231
2013-09-03,981.8099999999938,823.9100000000294,805.7200000000232
2013-09-04,981.629999999994,823.7300000000293,805.3600000000233
2013-09-05,981.4499999999941,823.5500000000293,805.0000000000234
2013-09-06,981.2699999999943,840.0300000000287,821.3000000000229
2013-09-07,,,
2013-09-08,,,
2013-09-09,981.0899999999945,829.6150000000299,810.7050000000245
2013-09-10,980.9099999999946,826.7600000000306,807.6700000000251
2013-09-11,980.7299999999948,811.09500000003,791.8250000000248
2013-09-12,980.549999999995,814.0350000000303,794.5850000000253
2013-09-13,980.3699999999951,805.2400000000305,785.6100000000256
2013-09-14,,,
2013-09-15,,,
2013-09-16,989.8999999999943,794.8350000000298,784.7350000000242
2013-09-17,985.1999999999946,793.7250000000298,778.9250000000243
2013-09-18,948.4499999999944,748.9150000000305,697.3650000000248
2013-09-19,947.3799999999936,731.9850000000307,679.3650000000243
2013-09-20,948.7399999999936,727.7200000000308,676.4600000000246
2013-09-21,,,
2013-09-22,,,
2013-09-23,954.3249999999939,736.4300000000308,690.7550000000247
2013-09-24,956.4249999999939,733.8750000000301,690.300000000024
2013-09-25,951.1049999999942,737.3600000000303,688.4650000000245
2013-09-26,954.4949999999944,737.1800000000302,691.6750000000247
2013-09-27,954.5499999999943,738.2600000000309,692.8100000000252
2013-09-28,,,
2013-09-29,,,
2013-09-30,959.7299999999942,734.3900000000313,694.1200000000254
2013-10-01,959.2349999999939,729.3450000000317,688.5800000000256
2013-10-02,953.9899999999936,731.7550000000326,685.7450000000263
2013-10-03,947.359999999993,734.6500000000326,682.0100000000257
2013-10-04,960.564999999993,734.4700000000325,695.0350000000255
2013-10-05,,,
2013-10-06,,,
2013-10-07,958.4049999999932,734.2900000000325,692.6950000000256
2013-10-08,958.6449999999934,734.1100000000324,692.7550000000258
2013-10-09,963.4449999999936,731.020000000033,694.4650000000265
2013-10-10,966.4099999999936,732.3000000000326,698.7100000000262
2013-10-11,974.719999999994,740.0050000000329,714.7250000000267
2013-10-12,,,
2013-10-13,,,
2013-10-14,972.139999999994,748.1400000000333,720.2800000000273
2013-10-15,980.4549999999939,760.0900000000325,740.5450000000264
2013-10-16,979.524999999994,765.3650000000316,744.8900000000256
2013-10-17,953.6999999999936,738.4100000000334,692.110000000027
2013-10-18,945.6949999999936,717.9650000000325,663.6600000000262
2013-10-19,,,
2013-10-20,,,
2013-10-21,944.8149999999936,711.6050000000328,656.4200000000264
2013-10-22,954.5649999999938,722.1300000000331,676.695000000027
2013-10-23,954.2249999999938,737.8150000000326,692.0400000000263
2013-10-24,957.0449999999942,750.6950000000329,707.7400000000271
2013-10-25,959.9949999999943,767.9250000000334,727.9200000000278
2013-10-26,,,
2013-10-27,,,
2013-10-28,958.0549999999943,770.2650000000325,728.3200000000268
2013-10-29,961.5999999999942,755.9400000000329,717.5400000000272
2013-10-30,956.5799999999942,757.6200000000333,714.2000000000276
2013-10-31,932.599999999995,760.8550000000333,693.4550000000283
2013-11-01,916.1199999999952,738.3650000000356,654.4850000000308
2013-11-02,,,
2013-11-03,,,
2013-11-04,922.5799999999955,731.6550000000361,654.2350000000315
2013-11-05,915.5899999999955,718.3000000000362,633.8900000000317
2013-11-06,926.4549999999956,715.9100000000373,642.365000000033
2013-11-07,896.7349999999956,723.7350000000379,620.4700000000335
2013-11-08,895.7799999999962,729.460000000038,625.2400000000343
2013-11-09,,,
2013-11-10,,,
2013-11-11,904.574999999996,729.280000000038,633.8550000000339
2013-11-12,918.004999999996,722.2700000000377,640.2750000000337
2013-11-13,933.8049999999962,729.9200000000379,663.725000000034
2013-11-14,935.0799999999962,737.9550000000376,673.0350000000337
2013-11-15,942.1049999999962,732.2450000000384,674.3500000000345
2013-11-16,,,
2013-11-17,,,
2013-11-18,942.8949999999963,736.3550000000379,679.2500000000341
2013-11-19,945.9149999999963,744.1300000000377,690.0450000000342
2013-11-20,943.2999999999955,747.2900000000374,690.5900000000329
2013-11-21,950.4349999999952,738.4450000000379,688.8800000000331
2013-11-22,956.0399999999954,741.2550000000375,697.2950000000328
2013-11-23,,,
2013-11-24,,,
2013-11-25,955.8599999999956,730.5500000000376,686.410000000033
2013-11-26,955.6799999999957,743.4500000000381,699.1300000000338
2013-11-27,955.4999999999959,735.4050000000387,690.9050000000348
2013-11-28,955.3199999999961,734.5400000000388,689.8600000000349
2013-11-29,955.1399999999962,734.9400000000393,690.0800000000354
2013-11-30,,,
2013-12-01,,,
2013-12-02,954.9599999999964,730.9100000000393,685.8700000000358
2013-12-03,954.7799999999966,736.8650000000393,691.6450000000359
2013-12-04,954.5999999999967,737.7900000000393,692.390000000036
2013-12-05,954.4199999999969,737.6100000000392,692.0300000000361
2013-12-06,954.239999999997,737.4300000000392,691.6700000000362
2013-12-07,,,
2013-12-08,,,
2013-12-09,954.0599999999972,738.3600000000383,692.4200000000355
2013-12-10,956.6099999999967,731.4700000000388,688.0800000000354
2013-12-11,951.589999999997,724.0300000000395,675.6200000000365
2013-12-12,958.6699999999968,721.2450000000399,679.9150000000368
2013-12-13,963.6949999999968,711.6100000000398,675.3050000000367
2013-12-14,,,
2013-12-15,,,
2013-12-16,965.6199999999964,716.7900000000398,682.4100000000362
2013-12-17,962.9199999999964,717.7050000000389,680.6250000000355
2013-12-18,982.9249999999965,734.89500000004,717.8200000000365
2013-12-19,984.7849999999966,736.2100000000398,720.9950000000363
2013-12-20,986.7199999999967,736.0300000000398,722.7500000000364
2013-12-21,,,
2013-12-22,,,
2013-12-23,986.5399999999969,735.8500000000397,722.3900000000367
2013-12-24,986.3599999999971,735.6700000000396,722.0300000000366
2013-12-25,,,
2013-12-26,986.1799999999972,739.76000000004,725.9400000000373
2013-12-27,978.1799999999962,698.615000000041,676.7950000000374
2013-12-28,,,
2013-12-29,,,
2013-12-30,983.1999999999971,707.9300000000412,691.1300000000383
2013-12-31,984.2999999999972,725.8450000000411,710.1450000000382
2014-01-01,990.0999999999974,726.915000000041,717.0150000000385
2014-01-02,1001.9799999999972,705.6000000000413,707.5800000000386
2014-01-03,1001.7999999999973,710.5400000000412,712.3400000000386
2014-01-04,,,
2014-01-05,,,
2014-01-06,1001.6199999999975,707.550000000041,709.1700000000385
2014-01-07,1001.4399999999977,707.3700000000409,708.8100000000386
2014-01-08,1001.2599999999978,707.1900000000409,708.4500000000387
2014-01-09,1001.079999999998,707.0100000000408,708.0900000000388
2014-01-10,1000.8999999999982,706.8300000000407,707.7300000000389
2014-01-11,,,
2014-01-12,,,
2014-01-13,1000.7199999999983,710.7150000000398,711.4350000000381
2014-01-14,1000.5399999999985,714.54000000004,715.0800000000386
2014-01-15,1000.3599999999986,715.4750000000402,715.8350000000387
2014-01-16,1000.1799999999988,718.4400000000405,718.6200000000395
2014-01-17,999.999999999999,735.4450000000404,735.4450000000393
2014-01-18,,,
2014-01-19,,,
2014-01-20,999.8199999999991,735.8150000000403,735.6350000000393
2014-01-21,999.6399999999993,740.1200000000405,739.7600000000398
2014-01-22,999.4599999999995,742.4700000000425,741.9300000000421
2014-01-23,999.2799999999996,731.4200000000425,730.7000000000421
2014-01-24,999.0999999999998,746.9600000000424,746.0600000000422
2014-01-25,,,
2014-01-26,,,
2014-01-27,998.92,746.7800000000424,745.7000000000423
2014-01-28,998.7400000000001,765.5850000000423,764.3250000000426
2014-01-29,998.5600000000003,773.0150000000422,771.5750000000426
2014-01-30,998.3800000000005,775.9000000000424,774.280000000043
2014-01-31,998.2000000000006,775.7200000000423,773.9200000000428
2014-02-01,,,
2014-02-02,,,
2014-02-03,998.0200000000008,753.7750000000428,751.7950000000437
2014-02-04,997.8400000000009,754.8700000000433,752.7100000000441
2014-02-05,997.6600000000011,758.6700000000436,756.3300000000447
2014-02-06,997.4800000000013,764.8200000000436,762.3000000000447
2014-02-07,997.3000000000014,753.0800000000437,750.3800000000451
2014-02-08,,,
2014-02-09,,,
2014-02-10,997.1200000000016,754.0800000000439,751.2000000000455
2014-02-11,996.9400000000018,748.2550000000434,745.1950000000452
2014-02-12,996.7600000000019,725.7250000000435,722.4850000000454
2014-02-13,996.5800000000021,733.3050000000437,729.8850000000457
2014-02-14,996.4000000000023,743.5050000000444,739.9050000000466
2014-02-15,,,
2014-02-16,,,
2014-02-17,996.2200000000024,724.4400000000444,720.6600000000467
2014-02-18,996.8200000000024,728.2950000000449,725.1150000000473
2014-02-19,1002.3600000000023,732.6250000000451,734.9850000000474
2014-02-20,1006.6950000000024,734.9000000000466,741.5950000000489
2014-02-21,1007.9200000000025,733.840000000047,741.7600000000493
2014-02-22,,,
2014-02-23,,,
2014-02-24,1009.9700000000025,746.5900000000469,756.5600000000495
2014-02-25,1007.6300000000023,746.4100000000468,754.0400000000491
2014-02-26,1019.9850000000025,746.2300000000467,766.2150000000493
2014-02-27,1017.3450000000025,746.0500000000467,763.3950000000491
2014-02-28,999.7500000000025,745.8700000000466,745.620000000049
2014-03-01,,,
2014-03-02,,,
2014-03-03,1012.6550000000026,745.6900000000466,758.3450000000491
2014-03-04,1012.1650000000028,745.5100000000465,757.6750000000493
2014-03-05,1012.3550000000029,745.3300000000464,757.6850000000493
2014-03-06,993.4300000000023,745.1500000000464,738.5800000000486
2014-03-07,992.5000000000022,744.9700000000463,737.4700000000485
2014-03-08,,,
2014-03-09,,,
2014-03-10,991.9200000000019,744.7900000000462,736.7100000000482
2014-03-11,997.175000000002,746.4700000000462,743.6450000000482
2014-03-12,994.350000000002,746.8750000000468,741.2250000000488
2014-03-13,1002.9050000000015,750.8500000000466,753.7550000000481
2014-03-14,1000.4200000000012,762.695000000046,763.1150000000471
2014-03-15,,,
2014-03-16,,,
2014-03-17,999.5500000000012,762.9400000000461,762.4900000000473
2014-03-18,998.3900000000011,763.4850000000454,761.8750000000464
2014-03-19,1019.2050000000013,747.2650000000464,766.4700000000475
2014-03-20,1024.8900000000015,752.0550000000451,776.9450000000465
2014-03-21,1024.7100000000016,754.1250000000451,778.8350000000469
2014-03-22,,,
2014-03-23,,,
2014-03-24,1028.0600000000024,753.6400000000464,781.7000000000489
2014-03-25,1031.6950000000022,761.3150000000461,793.0100000000484
2014-03-26,1035.7450000000022,762.0000000000462,797.7450000000483
2014-03-27,1039.7800000000025,754.3450000000458,794.1250000000482
2014-03-28,1039.6000000000026,752.5000000000466,792.1000000000492
2014-03-29,,,
2014-03-30,,,
2014-03-31,1039.4200000000028,748.200000000047,787.6200000000499
2014-04-01,1039.240000000003,753.0850000000466,792.3250000000496
2014-04-02,1039.0600000000031,753.5250000000468,792.5850000000501
2014-04-03,1038.8800000000033,755.1300000000468,794.0100000000502
2014-04-04,1038.7000000000035,754.9500000000468,793.6500000000501
2014-04-05,,,
2014-04-06,,,
2014-04-07,1038.5200000000036,754.7700000000467,793.2900000000504
2014-04-08,1038.3400000000038,735.100000000048,773.4400000000519
2014-04-09,1032.8300000000036,723.745000000047,756.5750000000505
2014-04-10,1027.2600000000032,725.9250000000465,753.1850000000495
2014-04-11,1028.3700000000033,710.9000000000468,739.27000000005
2014-04-12,,,
2014-04-13,,,
2014-04-14,1041.1850000000031,711.8750000000463,753.0600000000495
2014-04-15,1041.5150000000035,716.6550000000473,758.1700000000508
2014-04-16,1041.0950000000034,724.4400000000488,765.5350000000522
2014-04-17,1041.2350000000035,725.1450000000486,766.3800000000522
2014-04-18,1041.7150000000038,725.9700000000491,767.6850000000529
2014-04-19,,,
2014-04-20,,,
2014-04-21,1042.805000000004,725.7900000000491,768.595000000053
2014-04-22,1041.565000000004,726.5000000000496,768.0650000000535
2014-04-23,1040.3450000000043,734.3800000000499,774.7250000000543
2014-04-24,1038.6750000000045,734.2000000000498,772.8750000000543
2014-04-25,1038.3450000000043,740.12000000005,778.4650000000543
2014-04-26,,,
2014-04-27,,,
2014-04-28,1039.9300000000044,740.4950000000498,780.4250000000543
2014-04-29,1047.7650000000046,740.5600000000495,788.3250000000542
2014-04-30,1043.1800000000042,736.4500000000496,779.6300000000538
2014-05-01,1043.6800000000042,736.0600000000503,779.7400000000544
2014-05-02,1043.1800000000044,742.1900000000502,785.3700000000545
2014-05-03,,,
2014-05-04,,,
2014-05-05,1042.0400000000045,742.0100000000501,784.0500000000548
2014-05-06,1031.0100000000039,720.5350000000516,751.5450000000556
2014-05-07,1033.6500000000042,718.020000000052,751.6700000000562
2014-05-08,1047.2650000000037,714.9800000000521,762.2450000000558
2014-05-09,1050.950000000004,700.030000000053,750.9800000000569
2014-05-10,,,
2014-05-11,,,
2014-05-12,1050.770000000004,706.2450000000532,757.0150000000572
2014-05-13,1050.5900000000042,701.5100000000527,752.100000000057
2014-05-14,1050.4100000000044,688.4700000000531,738.8800000000574
2014-05-15,1050.2300000000046,691.5400000000532,741.7700000000577
2014-05-16,1050.0500000000047,691.3600000000531,741.4100000000578
2014-05-17,,,
2014-05-18,,,
2014-05-19,1049.870000000005,691.180000000053,741.0500000000579
2014-05-20,1049.690000000005,691.000000000053,740.690000000058
2014-05-21,1049.5100000000052,690.8200000000529,740.3300000000581
2014-05-22,1049.3300000000054,690.6400000000529,739.9700000000582
2014-05-23,1049.1500000000055,690.4600000000528,739.6100000000583
2014-05-24,,,
2014-05-25,,,
2014-05-26,1048.9700000000057,690.2800000000527,739.2500000000584
2014-05-27,1048.7900000000059,690.1000000000527,738.8900000000585
2014-05-28,1048.610000000006,685.480000000052,734.0900000000579
2014-05-29,1048.4300000000062,683.4100000000516,731.8400000000579
2014-05-30,1048.2500000000064,680.1400000000513,728.3900000000576
2014-05-31,,,
2014-06-01,,,
2014-06-02,1048.0700000000065,680.6050000000521,728.6750000000586
2014-06-03,1047.8900000000067,685.9150000000521,733.805000000059
2014-06-04,1047.7100000000069,703.0500000000502,750.7600000000571
2014-06-05,1047.530000000007,693.660000000051,741.190000000058
2014-06-06,1047.3500000000072,697.8050000000513,745.1550000000584
2014-06-07,,,
2014-06-08,,,
2014-06-09,1047.1700000000073,701.2650000000515,748.4350000000588
2014-06-10,1046.9900000000075,703.2500000000515,750.2400000000589
2014-06-11,1046.8100000000077,703.0700000000514,749.8800000000592
2014-06-12,1046.6300000000078,682.2300000000522,728.8600000000602
2014-06-13,1046.450000000008,678.8450000000532,725.2950000000612
2014-06-14,,,
2014-06-15,,,
2014-06-16,1046.2700000000082,670.9700000000532,717.2400000000614
2014-06-17,1046.0900000000083,668.4800000000531,714.5700000000616
2014-06-18,1045.9100000000085,679.5550000000535,725.465000000062
2014-06-19,1045.7300000000087,675.0400000000536,720.7700000000623
2014-06-20,1045.5500000000088,679.2750000000539,724.8250000000626
2014-06-21,,,
2014-06-22,,,
2014-06-23,1045.370000000009,677.8450000000541,723.2150000000631
2014-06-24,1045.1900000000091,681.8000000000537,726.990000000063
2014-06-25,1045.0100000000093,687.8050000000536,732.8150000000628
2014-06-26,1044.8300000000095,692.3600000000541,737.1900000000637
2014-06-27,1044.6500000000096,696.1050000000553,740.7550000000649
2014-06-28,,,
2014-06-29,,,
2014-06-30,1044.4700000000098,682.4600000000551,726.9300000000649
2014-07-01,1044.29000000001,675.3500000000553,719.6400000000654
2014-07-02,1044.1100000000101,673.8900000000558,718.0000000000659
2014-07-03,1043.9300000000103,677.4050000000555,721.3350000000657
2014-07-04,1043.7500000000105,680.5750000000561,724.3250000000667
2014-07-05,,,
2014-07-06,,,
2014-07-07,1043.5700000000106,683.2950000000559,726.8650000000666
2014-07-08,1043.3900000000108,686.3600000000563,729.7500000000671
2014-07-09,1043.210000000011,685.3200000000564,728.5300000000675
2014-07-10,1043.0300000000111,690.3650000000566,733.3950000000677
2014-07-11,1042.8500000000113,693.0400000000565,735.8900000000676
2014-07-12,,,
2014-07-13,,,
2014-07-14,1042.6700000000114,692.8600000000564,735.530000000068
2014-07-15,1042.4900000000116,697.6150000000564,740.105000000068
2014-07-16,1042.3100000000118,697.9150000000562,740.2250000000681
2014-07-17,1042.130000000012,700.4300000000565,742.5600000000684
2014-07-18,1041.950000000012,700.2500000000564,742.2000000000685
2014-07-19,,,
2014-07-20,,,
2014-07-21,1041.7700000000123,700.0700000000563,741.8400000000686
2014-07-22,1041.5900000000124,699.8900000000563,741.4800000000687
2014-07-23,1041.4100000000126,699.7100000000562,741.1200000000688
2014-07-24,1044.140000000012,701.9100000000547,746.0500000000666
2014-07-25,1038.660000000012,701.0950000000548,739.7550000000667
2014-07-26,,,
2014-07-27,,,
2014-07-28,1040.6400000000122,701.8750000000547,742.5150000000667
2014-07-29,1034.570000000012,697.3900000000547,731.9600000000667
2014-07-30,1031.7900000000118,692.9700000000545,724.7600000000662
2014-07-31,1030.310000000012,687.4650000000559,717.7750000000678
2014-08-01,1037.9300000000121,695.4850000000561,733.4150000000682
2014-08-02,,,
2014-08-03,,,
2014-08-04,1036.890000000012,691.2550000000563,728.1450000000682
2014-08-05,1026.6500000000124,688.6400000000564,715.2900000000686
2014-08-06,1031.3600000000117,703.4750000000556,734.8350000000673
2014-08-07,1026.7600000000123,705.7350000000555,732.4950000000676
2014-08-08,1036.4550000000122,698.900000000056,735.3550000000682
2014-08-09,,,
2014-08-10,,,
2014-08-11,1033.7950000000124,702.440000000056,736.2350000000683
2014-08-12,1034.5100000000116,706.3750000000559,740.8850000000675
2014-08-13,1033.590000000012,683.9000000000555,717.4900000000675
2014-08-14,1033.610000000012,684.7900000000558,718.4000000000678
2014-08-15,1040.250000000012,685.0300000000564,725.2800000000684
2014-08-16,,,
2014-08-17,,,
2014-08-18,1032.850000000012,691.7350000000556,724.5850000000676
2014-08-19,1024.860000000012,675.8000000000559,700.6600000000678
2014-08-20,1016.1200000000115,675.8800000000565,692.000000000068
2014-08-21,1020.8600000000114,669.595000000055,690.4550000000663
2014-08-22,1012.840000000011,673.425000000055,686.2650000000658
2014-08-23,,,
2014-08-24,,,
2014-08-25,1001.130000000011,671.105000000055,672.2350000000661
2014-08-26,998.0700000000111,673.2100000000553,671.2800000000664
2014-08-27,1003.010000000011,677.600000000055,680.6100000000661
2014-08-28,1000.9500000000113,676.8700000000551,677.8200000000666
2014-08-29,992.5100000000107,677.095000000055,669.6050000000657
2014-08-30,,,
2014-08-31,,,
2014-09-01,991.8400000000107,676.295000000055,668.1350000000657
2014-09-02,992.890000000011,667.3000000000542,660.1900000000651
2014-09-03,995.9900000000108,667.6900000000553,663.6800000000662
2014-09-04,975.965000000011,642.7750000000555,618.7400000000664
2014-09-05,974.4050000000111,646.1200000000554,620.5250000000665
2014-09-06,,,
2014-09-07,,,
2014-09-08,981.4650000000112,674.3450000000563,655.8100000000675
2014-09-09,980.8200000000114,680.3200000000568,661.1400000000681
2014-09-10,989.4850000000117,664.3700000000574,653.8550000000691
2014-09-11,988.6950000000119,659.7300000000582,648.4250000000702
2014-09-12,985.380000000012,669.6800000000587,655.0600000000709
2014-09-13,,,
2014-09-14,,,
2014-09-15,994.2250000000121,674.9150000000591,669.1400000000713
2014-09-16,992.5450000000121,673.7000000000595,666.2450000000717
2014-09-17,1005.6250000000125,672.7500000000596,678.3750000000721
2014-09-18,998.8400000000121,668.05500000006,666.8950000000721
2014-09-19,1017.7750000000128,630.3200000000617,648.0950000000744
2014-09-20,,,
2014-09-21,,,
2014-09-22,1015.9450000000128,640.4100000000618,656.3550000000746
2014-09-23,1021.7750000000128,658.4750000000614,680.2500000000741
2014-09-24,1027.5250000000126,655.6000000000608,683.1250000000734
2014-09-25,1030.7850000000121,652.7550000000613,683.5400000000734
2014-09-26,1039.5950000000116,641.890000000062,681.4850000000736
2014-09-27,,,
2014-09-28,,,
2014-09-29,1039.2850000000117,644.605000000062,683.8900000000735
2014-09-30,1043.955000000011,632.3900000000617,676.3450000000728
2014-10-01,1045.1450000000111,641.4650000000627,686.6100000000738
2014-10-02,1038.8600000000108,645.6350000000632,684.495000000074
2014-10-03,1055.9850000000106,609.0300000000639,665.0150000000745
2014-10-04,,,
2014-10-05,,,
2014-10-06,1035.8250000000107,616.7300000000641,652.5550000000749
2014-10-07,1032.3750000000107,616.5500000000641,648.9250000000748
2014-10-08,1011.3500000000106,616.370000000064,627.7200000000746
2014-10-09,1017.21500000001,631.2100000000627,648.4250000000727
2014-10-10,1021.0100000000102,631.0300000000626,652.0400000000727
2014-10-11,,,
2014-10-12,,,
2014-10-13,1019.1800000000104,630.8500000000626,650.030000000073
2014-10-14,1033.25500000001,619.2850000000626,652.5400000000727
2014-10-15,1010.9700000000089,625.550000000064,636.5200000000727
2014-10-16,1020.2100000000095,638.2500000000632,658.4600000000728
2014-10-17,1029.0350000000092,643.2400000000641,672.2750000000733
2014-10-18,,,
2014-10-19,,,
2014-10-20,1027.5000000000095,634.6400000000647,662.1400000000742
2014-10-21,1042.455000000009,641.2250000000638,683.6800000000728
2014-10-22,1044.4000000000092,644.7100000000642,689.1100000000733
2014-10-23,1044.2200000000093,644.5300000000641,688.7500000000734
2014-10-24,1044.0400000000095,644.350000000064,688.3900000000735
2014-10-25,,,
2014-10-26,,,
2014-10-27,1043.8600000000097,644.170000000064,688.0300000000736
2014-10-28,1043.6800000000098,645.9050000000649,689.5850000000746
2014-10-29,1043.50000000001,650.1200000000647,693.6200000000747
2014-10-30,1055.84000000001,665.475000000064,721.315000000074
2014-10-31,1043.130000000009,674.3750000000642,717.5050000000733
2014-11-01,,,
2014-11-02,,,
2014-11-03,1035.860000000009,674.0400000000643,709.9000000000733
2014-11-04,1045.3550000000087,673.8600000000642,719.2150000000729
2014-11-05,1039.2000000000087,674.9750000000638,714.1750000000725
2014-11-06,1021.7900000000078,662.2250000000643,684.0150000000722
2014-11-07,1036.115000000008,660.1950000000649,696.3100000000727
2014-11-08,,,
2014-11-09,,,
2014-11-10,1032.965000000008,662.8300000000654,695.7950000000735
2014-11-11,1037.745000000008,656.920000000065,694.6650000000732
2014-11-12,1033.1050000000084,658.1400000000649,691.2450000000733
2014-11-13,1037.6350000000086,649.4700000000647,687.1050000000732
2014-11-14,1041.2900000000086,629.4650000000662,670.7550000000747
2014-11-15,,,
2014-11-16,,,
2014-11-17,1041.1100000000088,630.390000000065,671.5000000000737
2014-11-18,1040.9300000000087,631.9000000000651,672.8300000000738
2014-11-19,1040.750000000009,651.1700000000666,691.9200000000756
2014-11-20,1040.5700000000093,653.2350000000665,693.8050000000758
2014-11-21,1037.4100000000087,665.1650000000665,702.5750000000753
2014-11-22,,,
2014-11-23,,,
2014-11-24,1045.9550000000083,678.7550000000672,724.7100000000755
2014-11-25,1049.0650000000087,683.1900000000676,732.2550000000763
2014-11-26,1051.1700000000087,671.7200000000672,722.8900000000758
2014-11-27,1050.9900000000089,683.1700000000674,734.1600000000763
2014-11-28,1050.8100000000088,679.3800000000675,730.1900000000765
2014-11-29,,,
2014-11-30,,,
2014-12-01,1050.630000000009,689.0500000000676,739.6800000000767
2014-12-02,1047.6700000000085,690.0400000000672,737.7100000000755
2014-12-03,1035.5200000000077,700.4800000000671,736.0000000000748
2014-12-04,1052.0850000000078,712.255000000066,764.3400000000738
2014-12-05,1036.1200000000074,694.700000000066,730.8200000000734
2014-12-06,,,
2014-12-07,,,
2014-12-08,1045.6550000000072,699.0400000000661,744.6950000000734
2014-12-09,1052.8700000000074,698.8600000000661,751.7300000000735
2014-12-10,1052.6900000000076,698.6800000000659,751.3700000000736
2014-12-11,1052.5100000000077,698.5000000000658,751.0100000000734
2014-12-12,1052.3300000000079,698.3200000000658,750.6500000000738
2014-12-13,,,
2014-12-14,,,
2014-12-15,1052.150000000008,698.1400000000657,750.2900000000736
2014-12-16,1051.9700000000082,708.9950000000657,760.9650000000738
2014-12-17,1051.7900000000084,714.5550000000657,766.3450000000739
2014-12-18,1051.930000000007,719.1100000000656,771.0400000000727
2014-12-19,1038.9900000000066,718.9300000000655,757.9200000000722
2014-12-20,,,
2014-12-21,,,
2014-12-22,1040.090000000007,718.7500000000655,758.8400000000725
2014-12-23,1029.8800000000062,714.8400000000656,744.7200000000719
2014-12-24,1033.1600000000064,719.685000000066,752.8450000000726
2014-12-25,,,
2014-12-26,1030.6800000000067,719.5250000000657,750.2050000000722
2014-12-27,,,
2014-12-28,,,
2014-12-29,1027.5700000000065,722.6600000000655,750.2300000000719
2014-12-30,1028.8400000000063,730.9900000000656,759.8300000000718
2014-12-31,1019.5800000000063,730.8100000000655,750.3900000000717
2015-01-01,,,
2015-01-02,1000.8000000000052,728.7550000000653,729.5550000000703
2015-01-03,,,
2015-01-04,,,
2015-01-05,963.2450000000056,736.7500000000656,699.9950000000713
2015-01-06,968.0350000000058,758.8650000000652,726.900000000071
2015-01-07,975.6050000000063,766.2850000000662,741.8900000000726
2015-01-08,983.4150000000064,773.4150000000667,756.8300000000731
2015-01-09,977.3600000000063,763.3900000000673,740.7500000000737
2015-01-10,,,
2015-01-11,,,
2015-01-12,978.8400000000067,768.2300000000674,747.0700000000743
2015-01-13,992.4550000000067,778.745000000068,771.2000000000749
2015-01-14,995.6000000000072,765.4150000000678,761.0150000000749
2015-01-15,1007.5450000000073,779.6800000000679,787.2250000000754
2015-01-16,1012.3100000000073,798.0800000000678,810.3900000000751
2015-01-17,,,
2015-01-18,,,
2015-01-19,1004.0500000000073,797.9000000000677,801.9500000000751
2015-01-20,1015.6100000000076,804.6550000000677,820.2650000000754
2015-01-21,1003.3900000000075,807.1700000000677,810.5600000000752
2015-01-22,1032.455000000007,812.2700000000677,844.7250000000747
2015-01-23,1049.5500000000059,813.9750000000678,863.5250000000738
2015-01-24,,,
2015-01-25,,,
2015-01-26,1047.3250000000062,818.8500000000677,866.1750000000739
2015-01-27,1004.3350000000057,819.5000000000687,823.8350000000744
2015-01-28,1032.3850000000064,832.5350000000684,864.9200000000747
2015-01-29,1022.6950000000061,832.4000000000686,855.0950000000748
2015-01-30,1032.835000000006,832.2200000000686,865.0550000000744
2015-01-31,,,
2015-02-01,,,
2015-02-02,1015.6750000000061,832.0400000000685,847.7150000000747
2015-02-03,974.5450000000064,841.0200000000685,815.5650000000751
2015-02-04,1014.8950000000063,836.5250000000689,851.4200000000751
2015-02-05,972.7500000000066,819.5950000000689,792.3450000000755
2015-02-06,990.4400000000064,803.8600000000692,794.3000000000757
2015-02-07,,,
2015-02-08,,,
2015-02-09,990.2600000000066,806.8500000000694,797.1100000000761
2015-02-10,990.0800000000067,816.6400000000693,806.7200000000762
2015-02-11,989.9000000000069,816.4600000000693,806.3600000000761
2015-02-12,989.7200000000071,805.0900000000703,794.8100000000773
2015-02-13,989.5400000000072,808.2300000000702,797.7700000000773
2015-02-14,,,
2015-02-15,,,
2015-02-16,989.3600000000074,810.6600000000702,800.0200000000777
2015-02-17,996.240000000008,810.4800000000702,806.720000000078
2015-02-18,1001.3950000000079,811.5900000000709,812.9850000000788
2015-02-19,1010.5450000000079,815.9650000000706,826.5100000000784
2015-02-20,1019.815000000008,818.6400000000706,838.4550000000786
2015-02-21,,,
2015-02-22,,,
2015-02-23,1033.0750000000082,815.4800000000712,848.5550000000794
2015-02-24,1031.2750000000085,820.6800000000712,851.9550000000797
2015-02-25,1024.9150000000081,824.8650000000719,849.78000000008
2015-02-26,1076.015000000008,803.8300000000723,879.8450000000803
2015-02-27,1076.1650000000081,813.295000000072,889.4600000000801
2015-02-28,,,
2015-03-01,,,
2015-03-02,1077.965000000008,806.2900000000718,884.2550000000799
2015-03-03,1079.6750000000077,812.9750000000727,892.6500000000804
2015-03-04,1088.8150000000069,796.190000000073,885.0050000000799
2015-03-05,1096.8450000000062,794.1850000000736,891.0300000000798
2015-03-06,1114.125000000005,810.1750000000739,924.3000000000789
2015-03-07,,,
2015-03-08,,,
2015-03-09,1117.885000000005,792.8150000000752,910.7000000000803
2015-03-10,1139.3350000000034,817.660000000074,956.9950000000774
2015-03-11,1149.9150000000022,830.2150000000739,980.130000000076
2015-03-12,1138.5550000000017,840.985000000074,979.5400000000757
2015-03-13,1168.5050000000008,860.1550000000746,1028.6600000000753
2015-03-14,,,
2015-03-15,,,
2015-03-16,1163.7900000000009,840.160000000075,1003.9500000000758
2015-03-17,1157.6700000000008,854.4800000000748,1012.1500000000756
2015-03-18,1090.1800000000005,801.245000000076,891.4250000000766
2015-03-19,1105.1400000000003,752.9950000000761,858.1350000000764
2015-03-20,1102.0900000000008,775.0250000000758,877.1150000000766
2015-03-21,,,
2015-03-22,,,
2015-03-23,1083.859999999999,780.7700000000771,864.630000000076
2015-03-24,1092.9749999999988,805.4500000000774,898.4250000000761
2015-03-25,1091.1599999999985,811.5450000000775,902.7050000000759
2015-03-26,1103.989999999998,811.9700000000771,915.9600000000751
2015-03-27,1103.8099999999981,811.790000000077,915.6000000000752
2015-03-28,,,
2015-03-29,,,
2015-03-30,1103.6299999999983,825.4250000000775,929.0550000000758
2015-03-31,1103.4499999999985,833.2500000000776,936.7000000000762
2015-04-01,1103.2699999999986,834.1800000000773,937.4500000000758
2015-04-02,1103.0899999999988,834.0000000000772,937.0900000000761
2015-04-03,1102.3899999999985,840.8750000000782,943.2650000000767
2015-04-04,,,
2015-04-05,,,
2015-04-06,1110.0549999999985,847.3900000000785,957.445000000077
2015-04-07,1117.0899999999986,847.2100000000785,964.300000000077
2015-04-08,1116.9099999999987,858.9700000000787,975.8800000000774
2015-04-09,1116.7299999999989,853.9000000000786,970.6300000000774
2015-04-10,1116.549999999999,841.600000000079,958.1500000000781
2015-04-11,,,
2015-04-12,,,
2015-04-13,1121.9549999999986,831.9400000000795,953.8950000000782
2015-04-14,1140.2949999999985,807.6300000000803,947.9250000000789
2015-04-15,1143.4449999999983,804.5300000000808,947.975000000079
2015-04-16,1147.3399999999986,795.0450000000817,942.3850000000803
2015-04-17,1147.1599999999987,793.0650000000818,940.2250000000804
2015-04-18,,,
2015-04-19,,,
2015-04-20,1146.9799999999989,782.3100000000824,929.2900000000814
2015-04-21,1146.799999999999,784.7500000000825,931.5500000000816
2015-04-22,1146.6199999999992,781.3550000000832,927.9750000000824
2015-04-23,1146.4399999999994,783.7600000000837,930.200000000083
2015-04-24,1146.2599999999995,764.9050000000842,911.1650000000836
2015-04-25,,,
2015-04-26,,,
2015-04-27,1146.0799999999997,772.8250000000855,918.9050000000852
2015-04-28,1140.7,787.0850000000856,927.7850000000858
2015-04-29,1105.0349999999992,796.8150000000867,901.8500000000859
2015-04-30,1089.3099999999986,792.0850000000866,881.395000000085
2015-05-01,1097.1949999999983,740.7250000000876,837.920000000086
2015-05-02,,,
2015-05-03,,,
2015-05-04,1103.7699999999984,749.1850000000875,852.9550000000859
2015-05-05,1111.5999999999985,746.2550000000872,857.8550000000857
2015-05-06,1079.7899999999972,747.7150000000879,827.5050000000851
2015-05-07,1097.4449999999965,754.4100000000869,851.8550000000835
2015-05-08,1102.6299999999967,701.585000000088,804.2150000000847
2015-05-09,,,
2015-05-10,,,
2015-05-11,1102.4499999999969,727.055000000089,829.5050000000858
2015-05-12,1102.269999999997,736.810000000089,839.0800000000859
2015-05-13,1096.4999999999966,758.2850000000888,854.7850000000853
2015-05-14,1088.1399999999965,767.6300000000884,855.770000000085
2015-05-15,1085.8899999999958,775.5800000000875,861.4700000000832
2015-05-16,,,
2015-05-17,,,
2015-05-18,1104.1999999999955,761.7400000000873,865.9400000000828
2015-05-19,1104.0199999999957,722.380000000088,826.4000000000838
2015-05-20,1103.8399999999958,727.545000000088,831.3850000000839
2015-05-21,1103.659999999996,715.6850000000891,819.3450000000851
2015-05-22,1103.4799999999962,713.3200000000885,816.8000000000848
2015-05-23,,,
2015-05-24,,,
2015-05-25,1103.2999999999963,711.5800000000881,814.8800000000845
2015-05-26,1103.1199999999965,695.4400000000894,798.5600000000859
2015-05-27,1102.9399999999966,706.8850000000892,809.8250000000858
2015-05-28,1102.7599999999968,713.5600000000894,816.3200000000861
2015-05-29,1102.579999999997,732.4100000000902,834.9900000000871
2015-05-30,,,
2015-05-31,,,
2015-06-01,1102.3999999999971,751.7150000000902,854.1150000000873
2015-06-02,1102.2199999999973,719.6400000000904,821.8600000000877
2015-06-03,1102.0399999999975,732.730000000091,834.7700000000884
2015-06-04,1101.8599999999976,720.0400000000915,821.9000000000892
2015-06-05,1101.6799999999978,735.850000000092,837.5300000000898
2015-06-06,,,
2015-06-07,,,
2015-06-08,1101.499999999998,735.6700000000919,837.1700000000899
2015-06-09,1101.3199999999981,735.4900000000919,836.81000000009
2015-06-10,1101.1399999999983,723.4700000000919,824.6100000000902
2015-06-11,1100.9599999999984,727.9950000000929,828.9550000000913
2015-06-12,1100.7799999999986,732.9700000000934,833.7500000000919
2015-06-13,,,
2015-06-14,,,
2015-06-15,1100.5999999999988,728.2200000000944,828.8200000000932
2015-06-16,1100.419999999999,727.4700000000953,827.8900000000942
2015-06-17,1100.239999999999,683.2650000000956,783.5050000000947
2015-06-18,1113.2799999999988,690.010000000096,803.290000000095
2015-06-19,1114.3449999999987,691.8750000000956,806.2200000000944
2015-06-20,,,
2015-06-21,,,
2015-06-22,1123.094999999999,693.6400000000965,816.7350000000954
2015-06-23,1130.819999999999,683.1000000000962,813.9200000000951
2015-06-24,1130.6399999999992,684.6100000000979,815.2500000000971
2015-06-25,1130.4599999999994,687.1400000000979,817.6000000000972
2015-06-26,1130.2799999999995,686.9600000000978,817.2400000000973
2015-06-27,,,
2015-06-28,,,
2015-06-29,1130.0999999999997,695.140000000098,825.2400000000976
2015-06-30,1129.9199999999998,707.2900000000988,837.2100000000987
2015-07-01,1129.74,688.3100000001003,818.0500000001002
2015-07-02,1129.5600000000002,695.8300000000992,825.3900000000995
2015-07-03,1129.3800000000003,698.3550000000988,827.7350000000993
2015-07-04,,,
2015-07-05,,,
2015-07-06,1129.2000000000005,710.1550000001004,839.355000000101
2015-07-07,1129.0200000000007,688.5650000001015,817.5850000001021
2015-07-08,1128.8400000000008,680.5700000001013,809.4100000001022
2015-07-09,1128.660000000001,687.8850000001017,816.5450000001028
2015-07-10,1128.4800000000012,690.5900000001019,819.0700000001029
2015-07-11,,,
2015-07-12,,,
2015-07-13,1128.3000000000013,690.4100000001018,818.7100000001033
2015-07-14,1128.1200000000015,691.5400000001016,819.6600000001031
2015-07-15,1127.9400000000016,690.075000000102,818.0150000001036
2015-07-16,1127.7600000000018,676.895000000102,804.6550000001039
2015-07-17,1127.580000000002,699.1450000001033,826.7250000001054
2015-07-18,,,
2015-07-19,,,
2015-07-20,1127.4000000000021,698.520000000104,825.920000000106
2015-07-21,1127.2200000000023,697.7000000001033,824.9200000001056
2015-07-22,1127.0400000000025,709.2850000001033,836.3250000001058
2015-07-23,1126.8600000000026,717.1200000001026,843.9800000001051
2015-07-24,1126.6800000000028,716.4150000001041,843.0950000001069
2015-07-25,,,
2015-07-26,,,
2015-07-27,1126.500000000003,717.7900000001036,844.2900000001066
2015-07-28,1126.3200000000031,721.1700000001046,847.4900000001076
2015-07-29,1126.1400000000033,719.2000000001051,845.3400000001084
2015-07-30,1125.9600000000034,719.020000000105,844.9800000001085
2015-07-31,1125.7800000000036,731.4250000001063,857.20500000011
2015-08-01,,,
2015-08-02,,,
2015-08-03,1125.6000000000038,736.3400000001062,861.9400000001101
2015-08-04,1125.420000000004,749.7750000001074,875.1950000001113
2015-08-05,1125.240000000004,753.3750000001073,878.6150000001114
2015-08-06,1125.0600000000043,773.175000000107,898.2350000001113
2015-08-07,1124.8800000000044,769.695000000107,894.5750000001115
2015-08-08,,,
2015-08-09,,,
2015-08-10,1124.7000000000046,773.4600000001074,898.160000000112
2015-08-11,1124.5200000000048,780.6950000001071,905.215000000112
2015-08-12,1124.340000000005,785.0650000001075,909.4050000001125
2015-08-13,1124.160000000005,787.2300000001077,911.3900000001127
2015-08-14,1123.9800000000052,792.7400000001079,916.720000000113
2015-08-15,,,
2015-08-16,,,
2015-08-17,1123.8000000000054,799.8900000001079,923.6900000001133
2015-08-18,1123.6200000000056,796.965000000108,920.5850000001137
2015-08-19,1123.4400000000057,800.8400000001076,924.2800000001134
2015-08-20,1123.260000000006,806.9300000001073,930.1900000001133
2015-08-21,1118.3900000000058,813.2200000001073,931.6100000001131
2015-08-22,,,
2015-08-23,,,
2015-08-24,1103.160000000004,811.895000000107,915.0550000001108
2015-08-25,1084.675000000004,797.2900000001072,881.9650000001111
2015-08-26,1024.2250000000045,757.4550000001076,781.6800000001122
2015-08-27,1002.4750000000045,767.6200000001087,770.095000000113
2015-08-28,983.6100000000042,778.8600000001081,762.4700000001123
2015-08-29,,,
2015-08-30,,,
2015-08-31,996.5900000000039,794.1950000001082,790.7850000001122
2015-09-01,1012.845000000004,807.335000000107,820.180000000111
2015-09-02,1005.6650000000038,811.2600000001075,816.9250000001114
2015-09-03,977.4300000000036,820.3100000001081,797.7400000001116
2015-09-04,984.0250000000036,839.6050000001085,823.630000000112
2015-09-05,,,
2015-09-06,,,
2015-09-07,986.0250000000038,830.8800000001081,816.9050000001121
2015-09-08,989.155000000004,813.7700000001087,802.9250000001125
2015-09-09,989.4850000000041,820.1050000001088,809.5900000001129
2015-09-10,991.6900000000041,810.9100000001091,802.6000000001131
2015-09-11,991.5100000000042,815.4800000001093,806.9900000001135
2015-09-12,,,
2015-09-13,,,
2015-09-14,991.3300000000044,828.0300000001095,819.3600000001138
2015-09-15,991.1500000000045,834.0100000001099,825.1600000001145
2015-09-16,990.9700000000047,812.8100000001106,803.7800000001153
2015-09-17,990.7900000000049,825.8450000001116,816.6350000001164
2015-09-18,990.610000000005,807.6600000001117,798.2700000001169
2015-09-19,,,
2015-09-20,,,
2015-09-21,990.4300000000052,807.4100000001124,797.8400000001175
2015-09-22,988.9800000000049,774.7900000001127,763.7700000001178
2015-09-23,1002.6050000000047,795.1500000001133,797.7550000001179
2015-09-24,1010.4400000000046,799.1100000001136,809.5500000001182
2015-09-25,1017.4950000000035,811.7450000001141,829.2400000001176
2015-09-26,,,
2015-09-27,,,
2015-09-28,1021.7650000000037,813.7300000001147,835.4950000001186
2015-09-29,1022.6600000000037,812.6200000001146,835.2800000001184
2015-09-30,1024.9500000000037,812.5400000001147,837.4900000001185
2015-10-01,1028.6800000000042,814.8850000001149,843.5650000001192
2015-10-02,1039.2450000000038,832.5950000001151,871.8400000001188
2015-10-03,,,
2015-10-04,,,
2015-10-05,1038.0400000000036,846.470000000116,884.5100000001196
2015-10-06,1053.5350000000035,858.6800000001164,912.2150000001197
2015-10-07,1050.0250000000037,846.9400000001168,896.9650000001207
2015-10-08,1053.7550000000037,852.270000000117,906.0250000001206
2015-10-09,1059.5800000000038,857.2600000001173,916.8400000001211
2015-10-10,,,
2015-10-11,,,
2015-10-12,1059.400000000004,860.3700000001171,919.770000000121
2015-10-13,1059.2200000000041,887.5900000001177,946.8100000001218
2015-10-14,1059.0400000000043,854.3550000001189,913.3950000001232
2015-10-15,1058.8600000000044,860.1850000001193,919.0450000001238
2015-10-16,1058.6800000000046,857.5550000001194,916.235000000124
2015-10-17,,,
2015-10-18,,,
2015-10-19,1058.5000000000048,866.5750000001199,925.0750000001246
2015-10-20,1058.320000000005,878.9450000001194,937.2650000001245
2015-10-21,1058.140000000005,882.7100000001197,940.850000000125
2015-10-22,1030.1800000000042,892.4900000001204,922.6700000001247
2015-10-23,1015.9600000000032,877.8400000001207,893.8000000001239
2015-10-24,,,
2015-10-25,,,
2015-10-26,1023.0400000000034,884.685000000121,907.7250000001245
2015-10-27,1021.5800000000032,884.0400000001207,905.620000000124
2015-10-28,991.8700000000031,878.8600000001206,870.7300000001237
2015-10-29,1001.1250000000031,884.0600000001205,885.1850000001236
2015-10-30,1006.9600000000032,890.6350000001208,897.595000000124
2015-10-31,,,
2015-11-01,,,
2015-11-02,1006.7800000000034,896.0050000001214,902.7850000001249
2015-11-03,1010.1000000000034,897.4700000001212,907.5700000001248
2015-11-04,992.0000000000024,897.2900000001212,889.2900000001237
2015-11-05,996.9500000000021,887.2600000001212,884.2100000001233
2015-11-06,952.2050000000022,892.0950000001225,844.3000000001248
2015-11-07,,,
2015-11-08,,,
2015-11-09,951.0850000000024,878.8250000001233,829.9100000001258
2015-11-10,955.6350000000025,877.0550000001223,832.6900000001247
2015-11-11,955.0200000000025,862.4700000001226,817.4900000001251
2015-11-12,950.6600000000027,868.790000000123,819.4500000001258
2015-11-13,965.1750000000028,871.820000000123,836.9950000001259
2015-11-14,,,
2015-11-15,,,
2015-11-16,975.7150000000031,877.715000000123,853.4300000001263
2015-11-17,984.2150000000034,883.7900000001237,868.005000000127
2015-11-18,982.6550000000034,882.9500000001242,865.6050000001276
2015-11-19,971.8400000000034,860.7900000001235,832.630000000127
2015-11-20,992.2050000000035,843.2100000001242,835.4150000001277
2015-11-21,,,
2015-11-22,,,
2015-11-23,994.3750000000039,833.2000000001246,827.5750000001285
2015-11-24,993.6250000000039,831.3200000001244,824.9450000001284
2015-11-25,1001.7550000000041,850.7750000001241,852.5300000001282
2015-11-26,1003.0850000000042,851.2650000001244,854.3500000001286
2015-11-27,1004.6950000000043,839.4500000001243,844.1450000001287
2015-11-28,,,
2015-11-29,,,
2015-11-30,1007.7450000000044,835.3750000001247,843.120000000129
2015-12-01,1000.9200000000046,839.4100000001254,840.33000000013
2015-12-02,1011.5850000000047,822.6050000001253,834.1900000001301
2015-12-03,948.9100000000045,832.5700000001259,781.4800000001305
2015-12-04,956.8250000000046,850.3450000001263,807.170000000131
2015-12-05,,,
2015-12-06,,,
2015-12-07,958.6000000000046,853.0800000001263,811.6800000001308
2015-12-08,958.4200000000047,864.355000000126,822.7750000001306
2015-12-09,941.5300000000038,853.2500000001264,794.7800000001303
2015-12-10,955.3750000000041,863.4850000001267,818.8600000001306
2015-12-11,956.1400000000037,854.4700000001267,810.6100000001304
2015-12-12,,,
2015-12-13,,,
2015-12-14,957.1800000000034,864.4000000001266,821.58000000013
2015-12-15,968.1900000000032,864.2200000001266,832.4100000001299
2015-12-16,986.975000000003,872.6900000001264,859.6650000001293
2015-12-17,992.550000000003,863.3650000001269,855.91500000013
2015-12-18,992.3700000000032,871.4650000001268,863.8350000001301
2015-12-19,,,
2015-12-20,,,
2015-12-21,998.3000000000031,877.4750000001269,875.7750000001301
2015-12-22,994.4500000000024,885.9850000001273,880.4350000001298
2015-12-23,1004.5050000000025,880.8150000001277,885.3200000001302
2015-12-24,1000.5900000000024,875.930000000128,876.5200000001305
2015-12-25,,,
2015-12-26,,,
2015-12-27,,,
2015-12-28,1000.270000000002,885.900000000128,886.1700000001301
2015-12-29,1011.3450000000022,886.2750000001279,897.62000000013
2015-12-30,1009.8750000000024,891.255000000128,901.1300000001304
2015-12-31,1016.7550000000026,873.9400000001285,890.6950000001311
2016-01-01,,,
2016-01-02,,,
2016-01-03,,,
2016-01-04,1037.285000000002,881.5850000001282,918.87000000013
2016-01-05,1041.260000000002,868.9750000001286,910.2350000001306
2016-01-06,1041.0800000000022,878.775000000129,919.8550000001312
2016-01-07,1027.3100000000022,889.7800000001291,917.0900000001313
2016-01-08,1035.0200000000023,885.070000000129,920.0900000001311
2016-01-09,,,
2016-01-10,,,
2016-01-11,1046.8150000000019,891.8800000001294,938.6950000001311
2016-01-12,1050.0000000000018,868.05000000013,918.0500000001318
2016-01-13,1049.820000000002,867.87000000013,917.6900000001319
2016-01-14,1060.1550000000016,874.6350000001297,934.7900000001314
2016-01-15,1055.190000000001,873.0950000001299,928.2850000001308
2016-01-16,,,
2016-01-17,,,
2016-01-18,1058.3450000000012,878.25500000013,936.6000000001313
2016-01-19,1056.9550000000015,869.115000000131,926.0700000001325
2016-01-20,1068.4550000000006,898.050000000132,966.5050000001324
2016-01-21,1077.9000000000005,906.6300000001324,984.530000000133
2016-01-22,1077.7200000000007,898.5100000001332,976.2300000001339
2016-01-23,,,
2016-01-24,,,
2016-01-25,1077.5400000000009,898.3300000001332,975.870000000134
2016-01-26,1077.360000000001,899.2500000001335,976.6100000001345
2016-01-27,1083.330000000001,917.3300000001337,1000.6600000001349
2016-01-28,1081.35,910.5350000001342,991.8850000001341
2016-01-29,1099.585,871.4800000001352,971.0650000001351
2016-01-30,,,
2016-01-31,,,
2016-02-01,1093.7050000000002,861.8400000001355,955.5450000001356
2016-02-02,1091.8200000000004,879.5200000001352,971.3400000001357
2016-02-03,1048.7299999999989,874.0300000001362,922.760000000135
2016-02-04,1035.3099999999981,888.5500000001362,923.8600000001343
2016-02-05,1051.014999999998,869.7350000001364,920.7500000001346
2016-02-06,,,
2016-02-07,,,
2016-02-08,1051.5399999999975,857.555000000136,909.0950000001335
2016-02-09,1031.9799999999964,873.7200000001362,905.7000000001326
2016-02-10,1040.299999999996,873.5400000001362,913.8400000001322
2016-02-11,1042.8799999999947,888.2100000001356,931.0900000001302
2016-02-12,1053.2199999999946,888.0300000001355,941.2500000001301
2016-02-13,,,
2016-02-14,,,
2016-02-15,1053.0399999999947,892.2200000001357,945.2600000001303
2016-02-16,1052.859999999995,863.5250000001362,916.3850000001312
2016-02-17,1052.679999999995,874.1700000001364,926.8500000001313
2016-02-18,1052.4999999999952,876.3250000001368,928.8250000001321
2016-02-19,1052.3199999999954,886.3650000001363,938.6850000001318
2016-02-20,,,
2016-02-21,,,
2016-02-22,1052.1399999999956,876.9700000001372,929.1100000001329
2016-02-23,1051.9599999999957,866.4550000001376,918.4150000001332
2016-02-24,1051.7799999999959,876.3200000001384,928.1000000001343
2016-02-25,1051.599999999996,887.0900000001387,938.6900000001347
2016-02-26,1051.4199999999962,873.7800000001388,925.2000000001349
2016-02-27,,,
2016-02-28,,,
2016-02-29,1051.2399999999964,891.4600000001391,942.7000000001353
2016-03-01,1051.0599999999965,905.8800000001388,956.9400000001353
2016-03-02,1050.8799999999967,890.7800000001394,941.660000000136
2016-03-03,1050.6999999999969,870.6250000001396,921.3250000001365
2016-03-04,1050.519999999997,879.5950000001399,930.1150000001369
2016-03-05,,,
2016-03-06,,,
2016-03-07,1050.3399999999972,870.0900000001408,920.4300000001381
2016-03-08,1050.1599999999974,881.3050000001406,931.4650000001379
2016-03-09,1049.9799999999975,881.0650000001407,931.0450000001383
2016-03-10,1049.7999999999977,889.0950000001409,938.8950000001387
2016-03-11,1049.6199999999978,865.8350000001412,915.4550000001391
2016-03-12,,,
2016-03-13,,,
2016-03-14,1049.439999999998,867.3700000001413,916.8100000001393
2016-03-15,1049.2599999999982,858.3000000001414,907.5600000001396
2016-03-16,1049.0799999999983,823.5400000001423,872.6200000001406
2016-03-17,1051.299999999998,788.5950000001433,839.8950000001412
2016-03-18,1060.834999999998,797.2200000001432,858.0550000001413
2016-03-19,,,
2016-03-20,,,
2016-03-21,1063.704999999998,778.6250000001434,842.3300000001414
2016-03-22,1067.0199999999982,741.0150000001441,808.0350000001422
2016-03-23,1066.8399999999983,754.4350000001446,821.2750000001429
2016-03-24,1066.6599999999985,751.7150000001449,818.3750000001432
2016-03-25,1066.4799999999987,754.660000000145,821.1400000001436
2016-03-26,,,
2016-03-27,,,
2016-03-28,1066.2999999999988,738.0350000001457,804.3350000001446
2016-03-29,1065.7399999999989,709.4050000001462,775.145000000145
2016-03-30,1057.5899999999986,715.7000000001462,773.2900000001448
2016-03-31,1054.3999999999978,730.8450000001467,785.2450000001445
2016-04-01,1061.4899999999977,708.8650000001472,770.3550000001451
2016-04-02,,,
2016-04-03,,,
2016-04-04,1062.4699999999978,712.8600000001474,775.330000000145
2016-04-05,1063.5899999999974,706.5650000001474,770.1550000001448
2016-04-06,1060.8899999999974,674.4350000001483,735.3250000001458
2016-04-07,1065.8749999999973,693.9950000001478,759.870000000145
2016-04-08,1063.9049999999975,682.6100000001483,746.5150000001458
2016-04-09,,,
2016-04-10,,,
2016-04-11,1066.4999999999973,655.6150000001486,722.1150000001458
2016-04-12,1075.7549999999976,638.2000000001487,713.9550000001464
2016-04-13,1083.5399999999977,640.2100000001483,723.750000000146
2016-04-14,1083.3599999999979,640.5100000001489,723.8700000001468
2016-04-15,1083.179999999998,645.4600000001491,728.6400000001472
2016-04-16,,,
2016-04-17,,,
2016-04-18,1082.9999999999982,660.3700000001495,743.3700000001477
2016-04-19,1082.8199999999983,644.1750000001502,726.9950000001486
2016-04-20,1082.6399999999985,659.9600000001512,742.6000000001497
2016-04-21,1104.8949999999982,671.895000000152,776.79000000015
2016-04-22,1110.9399999999982,649.6950000001524,760.6350000001507
2016-04-23,,,
2016-04-24,,,
2016-04-25,1110.7599999999984,655.3100000001525,766.0700000001509
2016-04-26,1116.1599999999985,666.0300000001532,782.1900000001517
2016-04-27,1112.4499999999982,675.9550000001533,788.4050000001516
2016-04-28,1110.7099999999978,701.9350000001531,812.645000000151
2016-04-29,1093.0299999999968,722.1800000001532,815.2100000001501
2016-04-30,,,
2016-05-01,,,
2016-05-02,1084.084999999996,722.300000000153,806.3850000001489
2016-05-03,1078.559999999995,702.4000000001532,780.9600000001483
2016-05-04,1076.6199999999951,701.3000000001534,777.9200000001485
2016-05-05,1055.2349999999951,703.4050000001532,758.6400000001483
2016-05-06,1053.9749999999956,721.6950000001541,775.6700000001497
2016-05-07,,,
2016-05-08,,,
2016-05-09,1047.9199999999955,725.5500000001538,773.4700000001494
2016-05-10,1047.7699999999952,741.5200000001543,789.2900000001496
2016-05-11,1058.434999999995,755.9800000001545,814.4150000001496
2016-05-12,1054.1399999999953,769.8550000001543,823.9950000001495
2016-05-13,1042.2599999999952,757.7400000001546,800.0000000001498
2016-05-14,,,
2016-05-15,,,
2016-05-16,1044.2399999999952,768.1700000001549,812.4100000001501
2016-05-17,1042.6199999999953,773.5750000001553,816.1950000001507
2016-05-18,1023.6499999999945,750.1950000001557,773.8450000001503
2016-05-19,1022.9599999999942,743.7300000001561,766.6900000001503
2016-05-20,1026.799999999994,723.7400000001563,750.5400000001505
2016-05-21,,,
2016-05-22,,,
2016-05-23,1026.1399999999942,722.7850000001567,748.9250000001509
2016-05-24,1013.089999999994,731.3900000001572,744.4800000001512
2016-05-25,1015.8899999999942,721.0200000001577,736.9100000001517
2016-05-26,1023.5299999999941,727.600000000158,751.130000000152
2016-05-27,1009.1699999999938,727.420000000158,736.5900000001518
2016-05-28,,,
2016-05-29,,,
2016-05-30,1014.4399999999936,727.2400000001579,741.6800000001515
2016-05-31,1016.6349999999936,750.5700000001582,767.2050000001518
2016-06-01,1030.3699999999938,749.6850000001584,780.0550000001522
2016-06-02,1027.1749999999938,753.4000000001586,780.5750000001524
2016-06-03,1063.4699999999937,768.8400000001585,832.3100000001523
2016-06-04,,,
2016-06-05,,,
2016-06-06,1063.2899999999938,745.0200000001573,808.3100000001511
2016-06-07,1063.109999999994,716.6850000001573,779.7950000001513
2016-06-08,1062.9299999999942,724.9300000001584,787.8600000001525
2016-06-09,1062.7499999999943,724.7500000001584,787.5000000001528
2016-06-10,1062.5699999999945,666.6350000001587,729.2050000001532
2016-06-11,,,
2016-06-12,,,
2016-06-13,1072.6099999999935,660.2350000001595,732.845000000153
2016-06-14,1057.1299999999933,707.595000000159,764.7250000001522
2016-06-15,1069.6649999999934,697.1400000001595,766.8050000001529
2016-06-16,1066.0949999999925,722.4100000001608,788.5050000001534
2016-06-17,1071.3699999999926,704.7600000001611,776.1300000001538
2016-06-18,,,
2016-06-19,,,
2016-06-20,1071.1899999999928,695.2750000001623,766.4650000001552
2016-06-21,1071.009999999993,684.2150000001632,755.2250000001561
2016-06-22,1070.829999999993,719.0750000001638,789.9050000001569
2016-06-23,1070.6499999999933,740.6850000001642,811.3350000001574
2016-06-24,1031.1399999999933,591.7650000001653,622.9050000001585
2016-06-25,,,
2016-06-26,,,
2016-06-27,1044.3499999999929,614.7200000001659,659.0700000001589
2016-06-28,1051.414999999993,587.4650000001657,638.8800000001586
2016-06-29,1056.479999999993,524.9750000001665,581.4550000001595
2016-06-30,1070.7249999999924,467.2000000001666,537.9250000001589
2016-07-01,1073.7049999999927,495.8700000001658,569.5750000001585
2016-07-02,,,
2016-07-03,,,
2016-07-04,1075.1999999999928,492.390000000166,567.5900000001589
2016-07-05,1075.8599999999926,523.800000000166,599.6600000001586
2016-07-06,1080.9549999999927,539.4250000001675,620.3800000001602
2016-07-07,1076.9249999999927,537.0000000001667,613.9250000001593
2016-07-08,1074.5199999999927,556.1700000001669,630.6900000001597
2016-07-09,,,
2016-07-10,,,
2016-07-11,1075.819999999993,561.7800000001677,637.6000000001604
2016-07-12,1078.9049999999927,520.5000000001678,599.4050000001605
2016-07-13,1081.544999999993,511.5400000001688,593.0850000001619
2016-07-14,1087.5699999999931,469.5950000001689,557.1650000001621
2016-07-15,1082.8599999999926,447.03000000016897,529.8900000001615
2016-07-16,,,
2016-07-17,,,
2016-07-18,1092.8299999999927,458.8900000001688,551.7200000001615
2016-07-19,1085.319999999992,439.2650000001678,524.5850000001597
2016-07-20,1085.659999999992,421.09000000016806,506.75000000016007
2016-07-21,1087.699999999992,423.2450000001677,510.9450000001598
2016-07-22,1079.5199999999913,451.2000000001667,530.720000000158
2016-07-23,,,
2016-07-24,,,
2016-07-25,1083.2999999999918,457.23500000016685,540.5350000001586
2016-07-26,1081.4399999999916,462.9900000001666,544.4300000001583
2016-07-27,1100.6899999999919,481.50000000016684,582.1900000001588
2016-07-28,1102.0449999999917,494.4000000001666,596.4450000001582
2016-07-29,1109.1599999999917,497.0450000001677,606.2050000001593
2016-07-30,,,
2016-07-31,,,
2016-08-01,1108.9799999999918,511.63500000016796,620.6150000001599
2016-08-02,1108.799999999992,488.57000000016865,597.3700000001606
2016-08-03,1108.6199999999922,500.2850000001686,608.9050000001607
2016-08-04,1108.4399999999923,578.0050000001688,686.4450000001611
2016-08-05,1118.3099999999924,585.3700000001694,703.6800000001617
2016-08-06,,,
2016-08-07,,,
2016-08-08,1118.4099999999926,591.2350000001693,709.6450000001619
2016-08-09,1123.2849999999926,603.3700000001697,726.6550000001623
2016-08-10,1128.5599999999927,611.0000000001701,739.5600000001627
2016-08-11,1128.3799999999928,600.28000000017,728.6600000001629
2016-08-12,1128.199999999993,600.0600000001708,728.2600000001639
2016-08-13,,,
2016-08-14,,,
2016-08-15,1128.0199999999932,597.8700000001711,725.8900000001643
2016-08-16,1127.8399999999933,607.2600000001712,735.1000000001645
2016-08-17,1127.6599999999935,615.0300000001715,742.6900000001651
2016-08-18,1127.4799999999937,590.745000000172,718.2250000001657
2016-08-19,1127.2999999999938,569.3250000001723,696.625000000166
2016-08-20,,,
2016-08-21,,,
2016-08-22,1127.119999999994,578.6300000001726,705.7500000001664
2016-08-23,1126.9399999999941,573.6000000001728,700.5400000001669
2016-08-24,1126.7599999999943,569.3850000001732,696.1450000001676
2016-08-25,1126.5799999999945,572.4800000001733,699.0600000001677
2016-08-26,1126.3999999999946,595.7100000001741,722.1100000001688
2016-08-27,,,
2016-08-28,,,
2016-08-29,1126.2199999999948,595.530000000174,721.7500000001687
2016-08-30,1126.039999999995,602.8150000001737,728.8550000001687
2016-08-31,1125.8599999999951,625.2550000001729,751.115000000168
2016-09-01,1125.6799999999953,615.2950000001737,740.9750000001691
2016-09-02,1125.4999999999955,612.875000000174,738.3750000001696
2016-09-03,,,
2016-09-04,,,
2016-09-05,1125.3199999999956,611.7200000001742,737.0400000001698
2016-09-06,1125.1399999999958,593.9050000001741,719.0450000001699
2016-09-07,1124.959999999996,579.6900000001743,704.6500000001702
2016-09-08,1124.779999999996,574.1600000001748,698.940000000171
2016-09-09,1124.5999999999963,571.6150000001749,696.2150000001711
2016-09-10,,,
2016-09-11,,,
2016-09-12,1124.4199999999964,583.2300000001749,707.6500000001713
2016-09-13,1124.2399999999966,568.6400000001754,692.880000000172
2016-09-14,1124.0599999999968,571.4000000001755,695.4600000001724
2016-09-15,1123.879999999997,571.2200000001754,695.1000000001723
2016-09-16,1123.699999999997,568.0350000001755,691.7350000001725
2016-09-17,,,
2016-09-18,,,
2016-09-19,1123.5199999999973,566.7050000001757,690.2250000001729
2016-09-20,1123.3399999999974,582.0000000001752,705.3400000001725
2016-09-21,1123.1599999999976,583.4100000001761,706.5700000001736
2016-09-22,1122.9799999999977,580.2950000001765,703.2750000001743
2016-09-23,1122.799999999998,581.1000000001762,703.9000000001743
2016-09-24,,,
2016-09-25,,,
2016-09-26,1122.619999999998,589.0750000001761,711.6950000001743
2016-09-27,1122.4399999999982,591.7500000001763,714.1900000001747
2016-09-28,1122.2599999999984,591.5700000001763,713.8300000001746
2016-09-29,1122.0799999999986,591.3900000001762,713.4700000001749
2016-09-30,1121.8999999999987,607.170000000176,729.0700000001748
2016-10-01,,,
2016-10-02,,,
2016-10-03,1121.719999999999,578.9500000001761,700.6700000001752
2016-10-04,1121.539999999999,595.8650000001768,717.4050000001757
2016-10-05,1121.3599999999992,591.1350000001773,712.4950000001766
2016-10-06,1121.1799999999994,613.7350000001765,734.915000000176
2016-10-07,1120.9999999999995,629.3050000001763,750.3050000001758
2016-10-08,,,
2016-10-09,,,
2016-10-10,1120.8199999999997,655.1250000001768,775.9450000001766
2016-10-11,1116.719999999999,681.2650000001776,797.9850000001766
2016-10-12,1110.1899999999985,680.2250000001766,790.415000000175
2016-10-13,1122.639999999998,691.1600000001772,813.8000000001753
2016-10-14,1107.469999999998,698.510000000177,805.9800000001751
2016-10-15,,,
2016-10-16,,,
2016-10-17,1112.729999999998,705.5150000001769,818.245000000175
2016-10-18,1108.789999999998,714.6900000001766,823.4800000001746
2016-10-19,1107.4899999999982,721.660000000177,829.1500000001752
2016-10-20,1099.709999999998,721.4800000001769,821.1900000001749
2016-10-21,1090.9699999999975,721.3000000001769,812.2700000001744
2016-10-22,,,
2016-10-23,,,
2016-10-24,1092.3699999999974,721.1200000001768,813.4900000001742
2016-10-25,1093.6099999999974,713.2500000001774,806.8600000001748
2016-10-26,1097.2699999999975,713.0700000001773,810.3400000001748
2016-10-27,1094.6699999999978,712.8900000001772,807.560000000175
2016-10-28,1106.3049999999978,712.7100000001772,819.015000000175
2016-10-29,,,
2016-10-30,,,
2016-10-31,1106.324999999998,712.5300000001771,818.8550000001751
2016-11-01,1107.8099999999981,712.350000000177,820.1600000001752
2016-11-02,1107.6299999999983,717.3750000001769,825.0050000001752
2016-11-03,1107.4499999999985,694.3200000001776,801.770000000176
2016-11-04,1107.2699999999986,704.7700000001776,812.0400000001762
2016-11-05,,,
2016-11-06,,,
2016-11-07,1107.0899999999988,685.1900000001783,792.2800000001771
2016-11-08,1106.909999999999,693.1450000001785,800.0550000001774
2016-11-09,1107.329999999999,735.0950000001799,842.4250000001789
2016-11-10,1109.579999999998,741.8450000001807,851.4250000001789
2016-11-11,1101.349999999998,742.4350000001808,843.785000000179
2016-11-12,,,
2016-11-13,,,
2016-11-14,1080.049999999997,744.7600000001809,824.8100000001778
2016-11-15,1082.9899999999968,757.9000000001812,840.8900000001781
2016-11-16,1077.174999999996,757.7200000001811,834.8950000001773
2016-11-17,1093.5749999999953,757.5400000001811,851.1150000001762
2016-11-18,1101.1549999999945,740.5700000001808,841.7250000001754
2016-11-19,,,
2016-11-20,,,
2016-11-21,1098.2899999999943,706.9000000001811,805.1900000001754
2016-11-22,1103.7349999999944,714.2100000001814,817.9450000001757
2016-11-23,1113.5149999999937,714.0300000001813,827.5450000001752
2016-11-24,1113.4749999999938,713.8500000001812,827.3250000001749
2016-11-25,1112.8299999999938,713.6700000001812,826.5000000001751
2016-11-26,,,
2016-11-27,,,
2016-11-28,1118.094999999993,716.980000000182,835.0750000001749
2016-11-29,1114.0999999999929,722.2900000001822,836.390000000175
2016-11-30,1129.7349999999926,725.5300000001824,855.265000000175
2016-12-01,1120.8699999999924,686.7250000001832,807.5950000001756
2016-12-02,1121.9699999999925,719.985000000184,841.9550000001764
2016-12-03,,,
2016-12-04,,,
2016-12-05,1098.2399999999907,738.7750000001846,837.0150000001754
2016-12-06,1107.194999999991,733.1200000001849,840.315000000176
2016-12-07,1103.6849999999913,724.1750000001853,827.8600000001766
2016-12-08,1132.169999999991,721.6850000001853,853.8550000001762
2016-12-09,1128.8299999999902,726.4400000001849,855.2700000001751
2016-12-10,,,
2016-12-11,,,
2016-12-12,1142.3049999999903,735.3200000001851,877.6250000001755
2016-12-13,1141.2349999999904,735.1400000001851,876.3750000001755
2016-12-14,1129.37999999999,732.5200000001851,861.9000000001752
2016-12-15,1101.2599999999895,718.890000000186,820.1500000001756
2016-12-16,1105.7849999999894,703.0650000001864,808.8500000001759
2016-12-17,,,
2016-12-18,,,
2016-12-19,1101.7249999999894,713.9750000001866,815.700000000176
2016-12-20,1103.5099999999893,713.7850000001869,817.2950000001761
2016-12-21,1110.0749999999894,720.0050000001863,830.0800000001757
2016-12-22,1111.1949999999892,714.8100000001865,826.0050000001756
2016-12-23,1114.4949999999894,714.5950000001867,829.0900000001761
2016-12-24,,,
2016-12-25,,,
2016-12-26,1128.2099999999896,630.715000000187,758.9250000001766
2016-12-27,1129.5899999999897,631.8650000001874,761.455000000177
2016-12-28,1122.2799999999893,636.9700000001878,759.2500000001771
2016-12-29,1134.4049999999893,646.8950000001876,781.3000000001769
2016-12-30,1141.6999999999894,636.4050000001881,778.1050000001774
2016-12-31,,,
2017-01-01,,,
2017-01-02,1142.9199999999892,638.5300000001882,781.4500000001774
2017-01-03,1135.8999999999885,645.0400000001878,780.9400000001763
2017-01-04,1149.6949999999883,653.5200000001881,803.2150000001766
2017-01-05,1154.7299999999884,647.7200000001881,802.4500000001765
2017-01-06,1154.5499999999886,658.0200000001882,812.5700000001768
2017-01-07,,,
2017-01-08,,,
2017-01-09,1154.3699999999887,640.6800000001884,795.0500000001771
2017-01-10,1154.189999999989,630.1050000001885,784.2950000001774
2017-01-11,1154.009999999989,621.1850000001889,775.195000000178
2017-01-12,1153.8299999999892,627.7500000001893,781.5800000001786
2017-01-13,1153.6499999999894,627.5700000001892,781.2200000001785
2017-01-14,,,
2017-01-15,,,
2017-01-16,1153.4699999999896,616.3650000001885,769.8350000001781
2017-01-17,1153.4799999999898,604.3650000001899,757.8450000001797
2017-01-18,1169.0149999999896,571.3900000001903,740.4050000001798
2017-01-19,1165.4549999999897,584.3200000001904,749.7750000001802
2017-01-20,1163.9499999999894,596.9200000001898,760.8700000001791
2017-01-21,,,
2017-01-22,,,
2017-01-23,1154.7199999999884,576.080000000191,730.8000000001794
2017-01-24,1160.8599999999888,596.9250000001917,757.7850000001804
2017-01-25,1157.6399999999885,590.6450000001925,748.2850000001808
2017-01-26,1168.9149999999888,580.6350000001927,749.5500000001816
2017-01-27,1167.184999999989,581.5550000001931,748.7400000001821
2017-01-28,,,
2017-01-29,,,
2017-01-30,1173.6799999999891,579.7400000001928,753.420000000182
2017-01-31,1157.909999999988,577.5100000001929,735.4200000001811
2017-02-01,1166.434999999988,583.3500000001934,749.7850000001813
2017-02-02,1172.9899999999873,611.6300000001933,784.6200000001804
2017-02-03,1171.8649999999873,611.4500000001932,783.3150000001806
2017-02-04,,,
2017-02-05,,,
2017-02-06,1174.7249999999874,619.2350000001929,793.9600000001803
2017-02-07,1181.1999999999875,618.4600000001928,799.6600000001804
2017-02-08,1181.0199999999877,618.2800000001928,799.3000000001805
2017-02-09,1180.8399999999879,618.1000000001927,798.9400000001806
2017-02-10,1180.659999999988,617.9200000001927,798.5800000001807
2017-02-11,,,
2017-02-12,,,
2017-02-13,1180.4799999999882,617.7400000001926,798.2200000001808
2017-02-14,1180.2999999999884,617.5600000001925,797.8600000001809
2017-02-15,1180.1199999999885,628.465000000193,808.5850000001815
2017-02-16,1179.9399999999887,630.850000000193,810.7900000001816
2017-02-17,1179.7599999999888,631.7400000001925,811.5000000001814
2017-02-18,,,
2017-02-19,,,
2017-02-20,1179.579999999989,642.3950000001926,821.9750000001816
2017-02-21,1179.3999999999892,647.0700000001924,826.4700000001817
2017-02-22,1179.2199999999893,654.6050000001915,833.8250000001808
2017-02-23,1179.0399999999895,658.8000000001915,837.8400000001811
2017-02-24,1178.8599999999897,658.6200000001915,837.480000000181
2017-02-25,,,
2017-02-26,,,
2017-02-27,1178.6799999999898,664.6650000001916,843.3450000001815
2017-02-28,1178.49999999999,662.7200000001922,841.2200000001822
2017-03-01,1178.3199999999902,652.6450000001923,830.9650000001825
2017-03-02,1178.1399999999903,660.8150000001929,838.9550000001832
2017-03-03,1177.9599999999905,658.8300000001932,836.7900000001837
2017-03-04,,,
2017-03-05,,,
2017-03-06,1177.7799999999907,667.1750000001924,844.9550000001832
2017-03-07,1177.5999999999908,663.4400000001924,841.0400000001832
2017-03-08,1177.419999999991,664.110000000193,841.5300000001839
2017-03-09,1177.2399999999911,671.5750000001931,848.8150000001842
2017-03-10,1177.0599999999913,675.9750000001935,853.0350000001849
2017-03-11,,,
2017-03-12,,,
2017-03-13,1176.8799999999915,681.7900000001936,858.6700000001852
2017-03-14,1176.6999999999916,680.2150000001934,856.915000000185
2017-03-15,1176.5199999999918,684.0000000001938,860.5200000001855
2017-03-16,1176.9199999999914,671.230000000194,848.1500000001854
2017-03-17,1183.8599999999915,671.0200000001939,854.8800000001854
2017-03-18,,,
2017-03-19,,,
2017-03-20,1183.7199999999914,676.3700000001943,860.0900000001857
2017-03-21,1170.8099999999913,663.1850000001941,833.9950000001854
2017-03-22,1173.5099999999911,673.5550000001941,847.0650000001851
2017-03-23,1175.3299999999915,686.2950000001944,861.625000000186
2017-03-24,1172.5099999999918,678.8550000001943,851.3650000001862
2017-03-25,,,
2017-03-26,,,
2017-03-27,1160.559999999991,684.9750000001953,845.5350000001863
2017-03-28,1168.5349999999912,681.8000000001954,850.3350000001865
2017-03-29,1174.279999999991,684.1950000001956,858.4750000001868
2017-03-30,1174.0999999999913,687.0900000001957,861.190000000187
2017-03-31,1173.9199999999914,686.9100000001956,860.830000000187
2017-04-01,,,
2017-04-02,,,
2017-04-03,1173.7399999999916,686.7300000001956,860.4700000001872
2017-04-04,1173.5599999999918,686.5500000001955,860.1100000001873
2017-04-05,1173.379999999992,686.3700000001954,859.7500000001874
2017-04-06,1173.199999999992,686.1900000001954,859.3900000001875
2017-04-07,1173.0199999999923,677.8900000001948,850.9100000001872
2017-04-08,,,
2017-04-09,,,
2017-04-10,1172.8399999999924,687.030000000195,859.8700000001872
2017-04-11,1172.6599999999926,686.8500000001949,859.5100000001876
2017-04-12,1172.4799999999927,686.6700000001948,859.1500000001874
2017-04-13,1172.299999999993,686.4900000001948,858.7900000001878
2017-04-14,1172.119999999993,686.3100000001947,858.4300000001876
2017-04-15,,,
2017-04-16,,,
2017-04-17,1171.9399999999932,692.5950000001944,864.5350000001877
2017-04-18,1171.7599999999934,680.9950000001951,852.7550000001884
2017-04-19,1171.5799999999936,675.1850000001953,846.7650000001888
2017-04-20,1171.3999999999937,696.8300000001964,868.2300000001901
2017-04-21,1171.219999999994,695.9700000001964,867.1900000001901
2017-04-22,,,
2017-04-23,,,
2017-04-24,1163.6949999999938,715.0550000001969,878.7500000001905
2017-04-25,1155.5399999999936,715.5000000001966,871.04000000019
2017-04-26,1162.2649999999935,716.525000000197,878.7900000001905
2017-04-27,1175.0499999999936,715.4900000001974,890.540000000191
2017-04-28,1169.669999999993,717.0500000001977,886.7200000001908
2017-04-29,,,
2017-04-30,,,
2017-05-01,1168.2699999999932,722.3750000001974,890.6450000001905
2017-05-02,1161.5099999999934,721.5300000001978,883.0400000001912
2017-05-03,1170.9499999999935,731.050000000198,902.0000000001914
2017-05-04,1151.8099999999931,731.9100000001988,883.7200000001919
2017-05-05,1151.3799999999933,725.2100000001991,876.5900000001925
2017-05-06,,,
2017-05-07,,,
2017-05-08,1159.1349999999932,731.735000000199,890.8700000001922
2017-05-09,1161.6399999999933,733.4900000001991,895.1300000001925
2017-05-10,1161.4599999999934,739.4350000001996,900.895000000193
2017-05-11,1161.2799999999936,741.6000000001997,902.8800000001934
2017-05-12,1161.0999999999938,741.4200000001996,902.5200000001932
2017-05-13,,,
2017-05-14,,,
2017-05-15,1162.8699999999935,741.2400000001995,904.1100000001929
2017-05-16,1146.7699999999927,741.0600000001995,887.8300000001923
2017-05-17,1132.2599999999918,743.1750000001999,875.4350000001918
2017-05-18,1145.2549999999917,744.4600000002,889.7150000001916
2017-05-19,1137.9899999999914,745.5400000002007,883.5300000001921
2017-05-20,,,
2017-05-21,,,
2017-05-22,1127.4999999999907,754.5600000002007,882.0600000001914
2017-05-23,1140.3249999999905,773.9550000002005,914.280000000191
2017-05-24,1136.5849999999905,772.8000000002007,909.3850000001912
2017-05-25,1140.8199999999906,781.0950000002013,921.9150000001919
2017-05-26,1148.504999999991,785.7200000002014,934.2250000001923
2017-05-27,,,
2017-05-28,,,
2017-05-29,1149.4149999999909,793.8400000002015,943.2550000001925
2017-05-30,1146.9849999999913,803.3900000002011,950.3750000001924
2017-05-31,1141.9799999999907,814.180000000202,956.1600000001927
2017-06-01,1150.5099999999907,814.0000000002019,964.5100000001926
2017-06-02,1138.7599999999904,813.8200000002018,952.5800000001923
2017-06-03,,,
2017-06-04,,,
2017-06-05,1143.5999999999906,813.6400000002018,957.2400000001924
2017-06-06,1138.9199999999905,813.4600000002017,952.3800000001922
2017-06-07,1142.8199999999908,813.2800000002017,956.1000000001925
2017-06-08,1151.5199999999904,821.0950000002011,972.6150000001917
2017-06-09,1153.9049999999907,820.5700000002014,974.475000000192
2017-06-10,,,
2017-06-11,,,
2017-06-12,1152.7149999999908,820.1100000002009,972.8250000001917
2017-06-13,1151.954999999991,833.9100000002014,985.8650000001926
2017-06-14,1157.409999999991,833.7300000002014,991.1400000001922
2017-06-15,1164.7999999999909,833.5500000002013,998.3500000001923
2017-06-16,1164.619999999991,833.3700000002012,997.9900000001921
2017-06-17,,,
2017-06-18,,,
2017-06-19,1164.4399999999912,833.1900000002012,997.6300000001925
2017-06-20,1164.2599999999914,822.2050000002015,986.465000000193
2017-06-21,1164.0799999999915,816.3450000002017,980.4250000001932
2017-06-22,1163.8999999999917,815.2050000002017,979.1050000001933
2017-06-23,1163.7199999999918,811.0600000002019,974.7800000001937
2017-06-24,,,
2017-06-25,,,
2017-06-26,1163.539999999992,816.190000000202,979.730000000194
2017-06-27,1154.974999999991,804.6900000002026,959.6650000001937
2017-06-28,1163.8049999999905,773.7450000002028,937.5500000001934
2017-06-29,1173.0149999999899,787.8850000002031,960.9000000001929
2017-06-30,1171.5649999999896,794.7750000002031,966.3400000001927
2017-07-01,,,
2017-07-02,,,
2017-07-03,1165.2599999999895,786.5000000002037,951.7600000001933
2017-07-04,1161.1399999999896,783.4400000002034,944.5800000001932
2017-07-05,1162.2199999999896,791.9750000002037,954.1950000001934
2017-07-06,1176.79499999999,794.990000000204,971.785000000194
2017-07-07,1175.95499999999,792.1400000002037,968.0950000001935
2017-07-08,,,
2017-07-09,,,
2017-07-10,1176.23499999999,794.8400000002039,971.0750000001938
2017-07-11,1184.8149999999891,793.6500000002039,978.465000000193
2017-07-12,1179.739999999989,798.5000000002041,978.240000000193
2017-07-13,1176.459999999989,798.320000000204,974.780000000193
2017-07-14,1192.9349999999888,775.1000000002042,968.0350000001931
2017-07-15,,,
2017-07-16,,,
2017-07-17,1195.3849999999886,780.9950000002041,976.3800000001927
2017-07-18,1203.3149999999878,765.910000000204,969.2250000001918
2017-07-19,1198.8199999999877,767.5250000002038,966.3450000001915
2017-07-20,1213.1049999999868,760.0450000002044,973.1500000001911
2017-07-21,1217.3549999999866,762.2900000002044,979.645000000191
2017-07-22,,,
2017-07-23,,,
2017-07-24,1215.3049999999864,762.1100000002043,977.4150000001907
2017-07-25,1216.944999999986,768.9650000002042,985.9100000001904
2017-07-26,1229.3049999999857,757.1800000002044,986.4850000001902
2017-07-27,1226.5699999999854,763.9350000002041,990.5050000001895
2017-07-28,1240.554999999985,759.0900000002043,999.6450000001894
2017-07-29,,,
2017-07-30,,,
2017-07-31,1247.5149999999844,744.9500000002049,992.4650000001893
2017-08-01,1243.7249999999844,743.6900000002051,987.4150000001896
2017-08-02,1250.4549999999838,750.4550000002049,1000.9100000001886
2017-08-03,1254.834999999984,737.4550000002055,992.2900000001894
2017-08-04,1242.6999999999837,717.8000000002055,960.5000000001892
2017-08-05,,,
2017-08-06,,,
2017-08-07,1247.2399999999839,717.8400000002057,965.0800000001896
2017-08-08,1241.444999999984,712.1450000002059,953.5900000001898
2017-08-09,1242.884999999984,713.900000000206,956.7850000001899
2017-08-10,1247.2049999999838,718.9150000002056,966.1200000001895
2017-08-11,1264.7149999999842,708.4450000002058,973.1600000001899
2017-08-12,,,
2017-08-13,,,
2017-08-14,1260.904999999984,709.7700000002056,970.6750000001898
2017-08-15,1253.189999999984,694.0800000002062,947.2700000001901
2017-08-16,1259.5949999999839,702.9300000002063,962.5250000001902
2017-08-17,1270.114999999984,704.4750000002064,974.5900000001905
2017-08-18,1274.6549999999843,706.5800000002062,981.2350000001904
2017-08-19,,,
2017-08-20,,,
2017-08-21,1272.5699999999833,712.7850000002063,985.3550000001896
2017-08-22,1283.6849999999833,705.6500000002064,989.3350000001897
2017-08-23,1279.689999999983,704.9500000002068,984.64000000019
2017-08-24,1281.4299999999835,706.4850000002069,987.9150000001905
2017-08-25,1253.4699999999825,713.9300000002067,967.4000000001893
2017-08-26,,,
2017-08-27,,,
2017-08-28,1243.0399999999822,713.7500000002067,956.7900000001889
2017-08-29,1241.934999999982,713.5700000002066,955.5050000001886
2017-08-30,1249.129999999982,713.3900000002066,962.5200000001885
2017-08-31,1248.949999999982,713.2100000002065,962.1600000001886
2017-09-01,1248.7699999999822,713.0300000002064,961.8000000001887
2017-09-02,,,
2017-09-03,,,
2017-09-04,1248.5899999999824,712.8500000002064,961.4400000001888
2017-09-05,1248.4099999999826,708.8800000002058,957.2900000001882
2017-09-06,1248.2299999999827,708.9850000002064,957.2150000001891
2017-09-07,1240.9499999999832,705.1900000002064,946.1400000001895
2017-09-08,1241.7699999999825,721.2900000002071,963.0600000001896
2017-09-09,,,
2017-09-10,,,
2017-09-11,1252.4349999999827,718.5000000002069,970.9350000001896
2017-09-12,1252.7099999999828,734.3450000002073,987.0550000001899
2017-09-13,1252.529999999983,722.5100000002079,975.040000000191
2017-09-14,1252.349999999983,727.9100000002077,980.2600000001908
2017-09-15,1252.1699999999832,680.3750000002083,932.5450000001915
2017-09-16,,,
2017-09-17,,,
2017-09-18,1251.9899999999834,674.8800000002079,926.8700000001913
2017-09-19,1251.8099999999836,688.965000000208,940.7750000001915
2017-09-20,1280.5249999999835,718.705000000209,999.2300000001924
2017-09-21,1275.5649999999837,717.000000000209,992.5650000001926
2017-09-22,1278.849999999983,737.1150000002086,1015.9650000001916
2017-09-23,,,
2017-09-24,,,
2017-09-25,1293.3049999999832,744.5800000002099,1037.885000000193
2017-09-26,1296.4999999999832,747.2050000002101,1043.7050000001932
2017-09-27,1298.739999999983,743.0500000002103,1041.7900000001932
2017-09-28,1307.724999999983,757.5300000002105,1065.2550000001938
2017-09-29,1310.3049999999835,766.3250000002107,1076.6300000001943
2017-09-30,,,
2017-10-01,,,
2017-10-02,1302.3699999999833,751.6000000002115,1053.970000000195
2017-10-03,1306.6899999999828,749.3850000002111,1056.075000000194
2017-10-04,1311.094999999983,748.3850000002112,1059.4800000001942
2017-10-05,1306.3999999999826,728.7100000002118,1035.1100000001943
2017-10-06,1314.0899999999824,724.2450000002123,1038.3350000001947
2017-10-07,,,
2017-10-08,,,
2017-10-09,1316.2099999999825,727.3100000002123,1043.5200000001948
2017-10-10,1326.3349999999825,727.1300000002122,1053.4650000001948
2017-10-11,1329.6699999999826,726.9500000002122,1056.6200000001945
2017-10-12,1329.4899999999827,735.0200000002122,1064.5100000001949
2017-10-13,1329.309999999983,719.7550000002124,1049.0650000001951
2017-10-14,,,
2017-10-15,,,
2017-10-16,1329.129999999983,715.2700000002125,1044.4000000001956
2017-10-17,1332.9199999999828,703.0300000002128,1035.9500000001956
2017-10-18,1337.059999999983,704.7950000002129,1041.8550000001958
2017-10-19,1345.554999999983,712.0300000002128,1057.5850000001956
2017-10-20,1338.4349999999831,711.4400000002131,1049.8750000001965
2017-10-21,,,
2017-10-22,,,
2017-10-23,1337.7199999999827,711.260000000213,1048.980000000196
2017-10-24,1339.9799999999827,712.8600000002126,1052.8400000001952
2017-10-25,1348.6349999999827,725.5200000002126,1074.1550000001953
2017-10-26,1327.0799999999815,725.3400000002125,1052.4200000001938
2017-10-27,1322.2499999999807,724.7350000002127,1046.9850000001934
2017-10-28,,,
2017-10-29,,,
2017-10-30,1331.1949999999806,726.4600000002129,1057.6550000001935
2017-10-31,1330.564999999981,726.2800000002128,1056.845000000194
2017-11-01,1327.684999999981,734.850000000213,1062.535000000194
2017-11-02,1331.284999999981,741.210000000213,1072.495000000194
2017-11-03,1326.2049999999813,746.175000000213,1072.3800000001943
2017-11-04,,,
2017-11-05,,,
2017-11-06,1328.609999999981,750.3000000002131,1078.910000000194
2017-11-07,1325.0099999999807,750.120000000213,1075.1300000001938
2017-11-08,1326.6699999999807,749.940000000213,1076.6100000001938
2017-11-09,1335.654999999981,749.7600000002129,1085.4150000001941
2017-11-10,1337.764999999981,749.5800000002129,1087.345000000194
2017-11-11,,,
2017-11-12,,,
2017-11-13,1337.9149999999813,758.7750000002135,1096.6900000001947
2017-11-14,1341.9499999999814,759.8300000002135,1101.7800000001948
2017-11-15,1341.7699999999816,759.6500000002135,1101.4200000001952
2017-11-16,1341.5899999999817,759.4700000002134,1101.060000000195
2017-11-17,1341.409999999982,759.2900000002134,1100.7000000001954
2017-11-18,,,
2017-11-19,,,
2017-11-20,1341.229999999982,759.1100000002133,1100.3400000001952
2017-11-21,1341.0499999999822,758.9300000002132,1099.9800000001956
2017-11-22,1340.8699999999824,751.2900000002132,1092.1600000001954
2017-11-23,1340.6899999999825,755.5250000002135,1096.2150000001961
2017-11-24,1339.6599999999826,754.4600000002137,1094.1200000001963
2017-11-25,,,
2017-11-26,,,
2017-11-27,1350.6199999999826,742.0250000002143,1092.645000000197
2017-11-28,1358.2349999999826,759.455000000215,1117.6900000001979
2017-11-29,1357.124999999983,755.765000000215,1112.8900000001977
2017-11-30,1351.304999999983,739.2300000002155,1090.5350000001986
2017-12-01,1364.3899999999826,749.3350000002155,1113.7250000001982
2017-12-02,,,
2017-12-03,,,
2017-12-04,1371.3949999999825,764.705000000216,1136.1000000001986
2017-12-05,1375.1949999999827,768.3900000002161,1143.5850000001988
2017-12-06,1378.1749999999827,768.210000000216,1146.3850000001985
2017-12-07,1379.4099999999828,768.030000000216,1147.4400000001988
2017-12-08,1379.229999999983,783.6400000002166,1162.8700000001995
2017-12-09,,,
2017-12-10,,,
2017-12-11,1379.0499999999831,783.4600000002165,1162.5100000001994
2017-12-12,1378.8699999999833,783.2800000002164,1162.1500000001997
2017-12-13,1378.6899999999835,783.1000000002164,1161.7900000002
2017-12-14,1378.5099999999836,823.4950000002157,1202.0050000001993
2017-12-15,1378.3299999999838,800.320000000216,1178.6500000001997
2017-12-16,,,
2017-12-17,,,
2017-12-18,1378.149999999984,808.2100000002159,1186.3600000001998
2017-12-19,1377.969999999984,808.0300000002159,1186.0000000002
2017-12-20,1376.7399999999845,807.8500000002158,1184.5900000002002
2017-12-21,1376.1799999999844,807.6700000002157,1183.8500000002
2017-12-22,1377.9399999999848,807.4900000002157,1185.4300000002004
2017-12-23,,,
2017-12-24,,,
2017-12-25,,,
2017-12-26,1378.8399999999851,807.3100000002156,1186.1500000002006
2017-12-27,1373.9699999999848,807.1300000002155,1181.1000000002005
2017-12-28,1366.3199999999838,806.9500000002155,1173.2700000001992
2017-12-29,1355.7999999999834,803.9800000002159,1159.7800000001994
