final_equity,net,usd_per_hour,usd_per_hour_first_year,max_dd_usd,max_dd_pct,min_equity,ruined_at,stopouts,baskets_closed,sl_hits,tp_hits,max_lots,max_positions,worst_basket,trend_filter,step_pips,max_levels,basket_sl_usd,tp_pips,base_lot,sym,ok
838.38,-161.62,-0.0036,-0.0022,861.91,68.6,395.21,,0,3261,63,3198,0.12,3,-489.07,50,25,3,250,20,0.02,GBPUSD,False
803.98,-196.02,-0.0044,-0.0306,593.85,58.8,416.49,,0,3960,118,3842,0.06,3,-150.38,50,25,3,80,20,0.01,GBPUSD,False
657.08,-342.92,-0.0076,-0.0215,675.19,66.8,335.15,,0,2846,47,2799,0.06,3,-244.54,50,25,3,150,20,0.01,GBPUSD,False
597.54,-402.46,-0.009,-0.0289,727.12,72.0,283.22,,0,1748,18,1730,0.06,3,-387.06,50,25,3,250,20,0.01,GBPUSD,False
520.28,-479.72,-0.0107,-0.0194,742.54,73.1,273.01,,0,2653,48,2605,0.06,3,-244.54,50,15,3,150,20,0.01,GBPUSD,False
486.16,-513.84,-0.0115,-0.0207,783.16,75.9,249.33,,0,1613,18,1595,0.06,3,-387.06,50,15,3,250,20,0.01,GBPUSD,False
383.67,-616.33,-0.0137,-0.0403,919.31,90.5,96.24,,0,3953,131,3822,0.06,3,-154.31,50,15,3,80,20,0.01,GBPUSD,False
0.0,-1000.0,-0.0223,-0.078,1007.78,100.0,0.0,2014-09-19 10:00:00,1,2014,40,1973,0.06,3,-107.87,50,15,3,80,10,0.01,GBPUSD,False
0.0,-1000.0,-0.0223,-0.0506,1007.78,100.0,0.0,2015-05-29 00:00:00,4,2151,23,2124,0.06,3,-185.62,50,15,3,150,10,0.01,GBPUSD,False
0.0,-1000.0,-0.0223,-0.0439,1007.78,100.0,0.0,2016-02-29 09:00:00,3,1900,12,1885,0.06,3,-259.31,50,15,3,250,10,0.01,GBPUSD,False
0.0,-1000.0,-0.0223,-0.1142,1008.41,100.0,0.0,2013-11-14 10:00:00,3,1529,32,1494,0.1,5,-141.61,50,15,5,80,10,0.01,GBPUSD,False
0.0,-1000.0,-0.0223,-0.0926,1008.41,100.0,0.0,2014-09-10 20:00:00,1,2142,24,2117,0.1,5,-194.17,50,15,5,150,10,0.01,GBPUSD,False
0.0,-1000.0,-0.0223,-0.1142,1008.41,100.0,0.0,2013-09-20 16:00:00,8,1006,8,990,0.1,5,-266.31,50,15,5,250,10,0.01,GBPUSD,False
0.0,-1000.0,-0.0223,-0.1142,1009.64,100.0,0.0,2013-10-14 10:00:00,10,1500,32,1458,0.13,8,-136.17,50,15,8,80,10,0.01,GBPUSD,False
0.0,-1000.0,-0.0223,-0.1142,1008.41,100.0,0.0,2013-07-10 23:00:00,1,1018,14,1003,0.14,8,-211.01,50,15,8,150,10,0.01,GBPUSD,False
0.0,-1000.0,-0.0223,-0.1142,1008.41,100.0,0.0,2013-07-08 15:00:00,3,936,8,925,0.16,8,-303.19,50,15,8,250,10,0.01,GBPUSD,False
0.0,-1000.0,-0.0223,-0.0761,1005.33,100.0,0.0,2014-10-15 15:00:00,0,2010,38,1972,0.06,3,-105.88,50,25,3,80,10,0.01,GBPUSD,False
0.0,-1000.0,-0.0223,-0.0639,1005.33,100.0,0.0,2015-06-19 15:00:00,5,2316,23,2288,0.06,3,-182.42,50,25,3,150,10,0.01,GBPUSD,False
0.0,-1000.0,-0.0223,-0.0558,1005.33,100.0,0.0,2016-06-24 02:00:00,0,2127,13,2114,0.06,3,-260.82,50,25,3,250,10,0.01,GBPUSD,False
0.0,-1000.0,-0.0223,-0.1142,1007.8,100.0,0.0,2013-11-05 10:00:00,4,1407,29,1374,0.1,5,-121.8,50,25,5,80,10,0.01,GBPUSD,False
0.0,-1000.0,-0.0223,-0.1062,1007.8,100.0,0.0,2013-12-30 02:00:00,7,1371,16,1348,0.1,5,-165.8,50,25,5,150,10,0.01,GBPUSD,False
0.0,-1000.0,-0.0223,-0.0799,1007.8,100.0,0.0,2014-09-17 21:00:00,3,1644,11,1630,0.1,5,-287.22,50,25,5,250,10,0.01,GBPUSD,False
0.0,-1000.0,-0.0223,-0.1142,1007.8,100.0,0.0,2013-11-14 00:00:00,7,1474,29,1438,0.11,7,-122.83,50,25,8,80,10,0.01,GBPUSD,False
0.0,-1000.0,-0.0223,-0.1142,1007.8,100.0,0.0,2013-07-10 23:00:00,1,917,13,903,0.13,8,-171.41,50,25,8,150,10,0.01,GBPUSD,False
0.0,-1000.0,-0.0223,-0.1142,1007.8,100.0,0.0,2013-07-05 09:00:00,2,823,7,814,0.15,8,-316.28,50,25,8,250,10,0.01,GBPUSD,False
0.0,-1000.0,-0.0223,-0.0711,1000.84,100.0,0.0,2015-07-07 17:00:00,5,2746,45,2696,0.06,3,-131.88,50,40,3,80,10,0.01,GBPUSD,False
0.0,-1000.0,-0.0223,-0.0513,1000.84,100.0,0.0,2016-01-08 01:00:00,5,2645,24,2616,0.06,3,-179.3,50,40,3,150,10,0.01,GBPUSD,False
0.0,-1000.0,-0.0223,-0.0688,1000.84,100.0,0.0,2016-06-24 02:00:00,0,2307,13,2294,0.06,3,-278.14,50,40,3,250,10,0.01,GBPUSD,False
0.0,-1000.0,-0.0223,-0.1066,1005.32,100.0,0.0,2013-12-02 11:00:00,2,1322,27,1293,0.08,5,-115.33,50,40,5,80,10,0.01,GBPUSD,False
0.0,-1000.0,-0.0223,-0.0878,1005.32,100.0,0.0,2015-06-03 11:00:00,3,2818,25,2790,0.1,5,-172.39,50,40,5,150,10,0.01,GBPUSD,False
0.0,-1000.0,-0.0223,-0.1142,1005.32,100.0,0.0,2013-09-18 20:00:00,2,765,6,757,0.1,5,-279.47,50,40,5,250,10,0.01,GBPUSD,False
0.0,-1000.0,-0.0223,-0.1142,1005.32,100.0,0.0,2013-11-07 14:00:00,1,1231,25,1205,0.09,6,-115.33,50,40,8,80,10,0.01,GBPUSD,False
0.0,-1000.0,-0.0223,-0.1142,1007.67,100.0,0.0,2013-10-04 12:00:00,2,1024,13,1009,0.11,8,-195.6,50,40,8,150,10,0.01,GBPUSD,False
0.0,-1000.0,-0.0223,-0.1142,1007.67,100.0,0.0,2013-06-07 19:00:00,4,589,5,580,0.13,8,-302.32,50,40,8,250,10,0.01,GBPUSD,False
0.0,-1000.0,-0.0223,-0.0804,1003.95,100.0,0.0,2014-10-03 19:00:00,4,1745,32,1709,0.06,3,-93.44,50,60,3,80,10,0.01,GBPUSD,False
0.0,-1000.0,-0.0223,-0.038,1003.95,100.0,0.0,2016-03-24 20:00:00,3,2631,23,2605,0.06,3,-167.28,50,60,3,150,10,0.01,GBPUSD,False
0.0,-1000.0,-0.0223,-0.0472,1003.95,100.0,0.0,2016-06-24 04:00:00,2,2033,11,2020,0.06,3,-274.38,50,60,3,250,10,0.01,GBPUSD,False
0.0,-1000.0,-0.0223,-0.1142,1004.57,100.0,0.0,2013-11-05 10:00:00,1,1122,24,1097,0.07,5,-106.85,50,60,5,80,10,0.01,GBPUSD,False
0.0,-1000.0,-0.0223,-0.0533,1004.57,100.0,0.0,2015-03-18 22:00:00,1,2211,20,2190,0.09,5,-196.62,50,60,5,150,10,0.01,GBPUSD,False
0.0,-1000.0,-0.0223,-0.1142,1004.57,100.0,0.0,2013-09-16 16:00:00,6,736,6,724,0.1,5,-270.78,50,60,5,250,10,0.01,GBPUSD,False
0.0,-1000.0,-0.0223,-0.1142,1004.57,100.0,0.0,2013-11-05 10:00:00,1,1122,24,1097,0.07,5,-106.85,50,60,8,80,10,0.01,GBPUSD,False
0.0,-1000.0,-0.0223,-0.0517,1004.57,100.0,0.0,2015-03-19 06:00:00,3,2234,20,2211,0.1,7,-189.39,50,60,8,150,10,0.01,GBPUSD,False
0.0,-1000.0,-0.0223,-0.1142,1047.93,100.0,0.0,2013-07-05 14:00:00,2,634,6,626,0.12,8,-273.65,50,60,8,250,10,0.01,GBPUSD,False
0.0,-1000.0,-0.0223,-0.0583,1008.71,100.0,0.0,2014-11-17 04:00:00,2,2071,41,2028,0.06,3,-107.87,100,15,3,80,10,0.01,GBPUSD,False
0.0,-1000.0,-0.0223,-0.0495,1008.71,100.0,0.0,2015-03-18 22:00:00,1,1871,20,1850,0.06,3,-185.62,100,15,3,150,10,0.01,GBPUSD,False
0.0,-1000.0,-0.0223,-0.0339,1025.51,100.0,0.0,2016-05-04 14:00:00,2,1994,13,1979,0.06,3,-259.31,100,15,3,250,10,0.01,GBPUSD,False
0.0,-1000.0,-0.0223,-0.0937,1008.61,100.0,0.0,2013-12-31 03:00:00,9,1613,34,1570,0.1,5,-111.82,100,15,5,80,10,0.01,GBPUSD,False
0.0,-1000.0,-0.0223,-0.0664,1008.61,100.0,0.0,2014-09-10 20:00:00,1,2042,23,2018,0.1,5,-194.17,100,15,5,150,10,0.01,GBPUSD,False
0.0,-1000.0,-0.0223,-0.1142,1008.61,100.0,0.0,2013-09-18 20:00:00,0,1014,9,1005,0.1,5,-295.48,100,15,5,250,10,0.01,GBPUSD,False
0.0,-1000.0,-0.0223,-0.1046,1009.99,100.0,0.0,2014-01-02 13:00:00,5,1690,34,1651,0.13,8,-136.17,100,15,8,80,10,0.01,GBPUSD,False
0.0,-1000.0,-0.0223,-0.1142,1009.99,100.0,0.0,2013-07-11 00:00:00,0,959,14,945,0.14,8,-211.01,100,15,8,150,10,0.01,GBPUSD,False
0.0,-1000.0,-0.0223,-0.0762,1009.99,100.0,0.0,2014-09-08 02:00:00,3,2133,15,2115,0.16,8,-303.19,100,15,8,250,10,0.01,GBPUSD,False
0.0,-1000.0,-0.0223,-0.043,1024.61,100.0,0.0,2015-04-30 18:00:00,3,2564,45,2516,0.06,3,-118.75,100,25,3,80,10,0.01,GBPUSD,False
0.0,-1000.0,-0.0223,-0.0572,1006.26,100.0,0.0,2015-05-19 16:00:00,3,2103,21,2079,0.06,3,-182.42,100,25,3,150,10,0.01,GBPUSD,False
0.0,-1000.0,-0.0223,-0.0432,1008.79,100.0,0.0,2016-06-24 02:00:00,1,2100,13,2086,0.06,3,-260.82,100,25,3,250,10,0.01,GBPUSD,False
0.0,-1000.0,-0.0223,-0.0978,1008.07,100.0,0.0,2014-01-02 17:00:00,4,1547,31,1512,0.1,5,-111.57,100,25,5,80,10,0.01,GBPUSD,False
0.0,-1000.0,-0.0223,-0.0719,1008.07,100.0,0.0,2014-09-19 10:00:00,1,1970,21,1948,0.1,5,-165.8,100,25,5,150,10,0.01,GBPUSD,False
0.0,-1000.0,-0.0223,-0.0824,1008.07,100.0,0.0,2014-09-08 01:00:00,3,1531,10,1518,0.1,5,-287.22,100,25,5,250,10,0.01,GBPUSD,False
0.0,-1000.0,-0.0223,-0.0891,1008.07,100.0,0.0,2014-02-12 13:00:00,6,1715,32,1677,0.1,7,-122.83,100,25,8,80,10,0.01,GBPUSD,False
0.0,-1000.0,-0.0223,-0.1142,1008.07,100.0,0.0,2013-11-05 10:00:00,1,1297,16,1280,0.13,8,-186.01,100,25,8,150,10,0.01,GBPUSD,False
0.0,-1000.0,-0.0223,-0.1142,1008.07,100.0,0.0,2013-07-05 02:00:00,5,813,6,802,0.15,8,-316.28,100,25,8,250,10,0.01,GBPUSD,False
0.0,-1000.0,-0.0223,-0.0539,1001.77,100.0,0.0,2015-05-27 09:00:00,3,2456,41,2412,0.06,3,-131.88,100,40,3,80,10,0.01,GBPUSD,False
0.0,-1000.0,-0.0223,-0.0504,1001.77,100.0,0.0,2015-07-15 15:00:00,3,2210,21,2186,0.06,3,-179.3,100,40,3,150,10,0.01,GBPUSD,False
0.0,-1000.0,-0.0223,-0.0606,1001.77,100.0,0.0,2016-06-24 02:00:00,0,2289,13,2276,0.06,3,-278.14,100,40,3,250,10,0.01,GBPUSD,False
0.0,-1000.0,-0.0223,-0.0824,1006.25,100.0,0.0,2014-09-19 15:00:00,3,1970,35,1932,0.08,5,-115.33,100,40,5,80,10,0.01,GBPUSD,False
0.0,-1000.0,-0.0223,-0.071,1006.25,100.0,0.0,2015-05-01 17:00:00,2,2600,24,2574,0.1,5,-178.08,100,40,5,150,10,0.01,GBPUSD,False
0.0,-1000.0,-0.0223,-0.1142,1006.25,100.0,0.0,2013-09-20 16:00:00,5,776,6,765,0.1,5,-279.47,100,40,5,250,10,0.01,GBPUSD,False
0.0,-1000.0,-0.0223,-0.084,1006.25,100.0,0.0,2014-09-18 00:00:00,5,1959,34,1920,0.09,6,-115.33,100,40,8,80,10,0.01,GBPUSD,False
0.0,-1000.0,-0.0223,-0.0602,1008.6,100.0,0.0,2014-10-15 14:00:00,2,1961,19,1940,0.11,8,-197.36,100,40,8,150,10,0.01,GBPUSD,False
0.0,-1000.0,-0.0223,-0.1142,1008.6,100.0,0.0,2013-06-18 19:00:00,4,626,5,617,0.13,8,-302.32,100,40,8,250,10,0.01,GBPUSD,False
0.0,-1000.0,-0.0223,-0.0477,1004.88,100.0,0.0,2015-05-19 18:00:00,3,2350,39,2308,0.06,3,-129.72,100,60,3,80,10,0.01,GBPUSD,False
0.0,-1000.0,-0.0223,-0.039,1004.88,100.0,0.0,2016-03-22 16:00:00,2,2623,23,2598,0.06,3,-169.46,100,60,3,150,10,0.01,GBPUSD,False
0.0,-1000.0,-0.0223,-0.0277,1004.88,100.0,0.0,2016-06-24 05:00:00,1,2165,12,2152,0.06,3,-387.06,100,60,3,250,10,0.01,GBPUSD,False
0.0,-1000.0,-0.0223,-0.0697,1005.5,100.0,0.0,2014-09-19 16:00:00,2,1753,31,1720,0.07,5,-106.85,100,60,5,80,10,0.01,GBPUSD,False
0.0,-1000.0,-0.0223,-0.0555,1005.5,100.0,0.0,2015-03-09 10:00:00,1,2122,20,2101,0.09,5,-196.62,100,60,5,150,10,0.01,GBPUSD,False
0.0,-1000.0,-0.0223,-0.1142,1005.5,100.0,0.0,2013-09-20 16:00:00,4,728,6,718,0.1,5,-270.78,100,60,5,250,10,0.01,GBPUSD,False
0.0,-1000.0,-0.0223,-0.0697,1005.5,100.0,0.0,2014-09-19 16:00:00,2,1753,31,1720,0.07,5,-106.85,100,60,8,80,10,0.01,GBPUSD,False
0.0,-1000.0,-0.0223,-0.0538,1005.5,100.0,0.0,2015-03-18 21:00:00,0,2172,20,2152,0.1,7,-189.39,100,60,8,150,10,0.01,GBPUSD,False
0.0,-1000.0,-0.0223,-0.1142,1049.79,100.0,0.0,2013-07-05 09:00:00,2,615,6,607,0.12,8,-273.65,100,60,8,250,10,0.01,GBPUSD,False
0.0,-1000.0,-0.0223,-0.0325,1008.71,100.0,0.0,2015-05-19 23:00:00,5,2458,46,2407,0.06,3,-124.46,200,15,3,80,10,0.01,GBPUSD,False
0.0,-1000.0,-0.0223,-0.0509,1008.71,100.0,0.0,2015-03-05 15:00:00,6,1734,19,1709,0.06,3,-185.62,200,15,3,150,10,0.01,GBPUSD,False
0.0,-1000.0,-0.0223,-0.0367,1064.56,100.0,0.0,2016-01-13 01:00:00,4,1738,12,1722,0.06,3,-259.31,200,15,3,250,10,0.01,GBPUSD,False
0.0,-1000.0,-0.0223,-0.0634,1008.61,100.0,0.0,2014-05-21 17:00:00,5,1866,37,1824,0.1,5,-111.82,200,15,5,80,10,0.01,GBPUSD,False
0.0,-1000.0,-0.0223,-0.0585,1014.5,100.0,0.0,2014-09-19 16:00:00,3,1952,22,1927,0.1,5,-194.17,200,15,5,150,10,0.01,GBPUSD,False
0.0,-1000.0,-0.0223,-0.1142,1008.61,100.0,0.0,2013-09-20 14:00:00,7,988,8,973,0.1,5,-266.31,200,15,5,250,10,0.01,GBPUSD,False
0.0,-1000.0,-0.0223,-0.0951,1009.99,100.0,0.0,2014-01-08 08:00:00,6,1563,31,1526,0.13,8,-140.12,200,15,8,80,10,0.01,GBPUSD,False
0.0,-1000.0,-0.0223,-0.1142,1009.99,100.0,0.0,2013-07-31 14:00:00,2,977,14,961,0.13,8,-204.91,200,15,8,150,10,0.01,GBPUSD,False
0.0,-1000.0,-0.0223,-0.1142,1009.99,100.0,0.0,2013-07-12 15:00:00,4,838,7,827,0.16,8,-303.19,200,15,8,250,10,0.01,GBPUSD,False
0.0,-1000.0,-0.0223,-0.0256,1050.55,100.0,0.0,2015-11-11 03:00:00,1,3127,53,3073,0.06,3,-118.75,200,25,3,80,10,0.01,GBPUSD,False
0.0,-1000.0,-0.0223,-0.0607,1006.26,100.0,0.0,2015-03-18 20:00:00,1,1814,19,1794,0.06,3,-182.42,200,25,3,150,10,0.01,GBPUSD,False
0.0,-1000.0,-0.0223,-0.0453,1032.05,100.0,0.0,2016-05-04 11:00:00,2,1881,12,1867,0.06,3,-257.34,200,25,3,250,10,0.01,GBPUSD,False
0.0,-1000.0,-0.0223,-0.0884,1008.07,100.0,0.0,2014-05-21 17:00:00,6,1794,34,1754,0.1,5,-111.57,200,25,5,80,10,0.01,GBPUSD,False
0.0,-1000.0,-0.0223,-0.0669,1008.07,100.0,0.0,2014-09-17 20:00:00,4,1813,19,1790,0.1,5,-193.98,200,25,5,150,10,0.01,GBPUSD,False
0.0,-1000.0,-0.0223,-0.0923,1008.07,100.0,0.0,2014-01-17 10:00:00,0,1094,8,1086,0.1,5,-287.22,200,25,5,250,10,0.01,GBPUSD,False
0.0,-1000.0,-0.0223,-0.0798,1008.07,100.0,0.0,2014-05-21 15:00:00,6,1789,33,1750,0.1,7,-122.83,200,25,8,80,10,0.01,GBPUSD,False
0.0,-1000.0,-0.0223,-0.1142,1008.07,100.0,0.0,2013-11-05 10:00:00,1,1183,15,1167,0.13,8,-186.01,200,25,8,150,10,0.01,GBPUSD,False
0.0,-1000.0,-0.0223,-0.1142,1008.07,100.0,0.0,2013-07-10 23:00:00,2,754,6,746,0.15,8,-316.28,200,25,8,250,10,0.01,GBPUSD,False
0.0,-1000.0,-0.0223,-0.0487,1001.77,100.0,0.0,2015-09-22 21:00:00,6,2716,45,2665,0.06,3,-131.88,200,40,3,80,10,0.01,GBPUSD,False
0.0,-1000.0,-0.0223,-0.0526,1001.77,100.0,0.0,2015-05-19 16:00:00,3,1911,19,1889,0.06,3,-179.3,200,40,3,150,10,0.01,GBPUSD,False
0.0,-1000.0,-0.0223,-0.0629,1001.77,100.0,0.0,2016-05-03 16:00:00,2,1992,12,1978,0.06,3,-278.14,200,40,3,250,10,0.01,GBPUSD,False
0.0,-1000.0,-0.0223,-0.0783,1006.25,100.0,0.0,2014-10-15 14:00:00,2,1863,33,1828,0.08,5,-115.33,200,40,5,80,10,0.01,GBPUSD,False
0.0,-1000.0,-0.0223,-0.0617,1006.25,100.0,0.0,2015-05-21 15:00:00,3,2469,23,2443,0.1,5,-178.08,200,40,5,150,10,0.01,GBPUSD,False
0.0,-1000.0,-0.0223,-0.1142,1006.25,100.0,0.0,2013-09-20 14:00:00,3,737,6,728,0.1,5,-279.47,200,40,5,250,10,0.01,GBPUSD,False
0.0,-1000.0,-0.0223,-0.0801,1006.25,100.0,0.0,2014-10-13 04:00:00,4,1856,33,1819,0.08,6,-115.33,200,40,8,80,10,0.01,GBPUSD,False
0.0,-1000.0,-0.0223,-0.053,1008.6,100.0,0.0,2014-10-15 15:00:00,2,1819,18,1799,0.11,8,-197.36,200,40,8,150,10,0.01,GBPUSD,False
0.0,-1000.0,-0.0223,-0.1142,1008.6,100.0,0.0,2013-06-19 20:00:00,1,578,5,572,0.13,8,-302.32,200,40,8,250,10,0.01,GBPUSD,False
0.0,-1000.0,-0.0223,-0.0478,1004.88,100.0,0.0,2015-06-04 14:00:00,2,2261,38,2221,0.06,3,-129.72,200,60,3,80,10,0.01,GBPUSD,False
0.0,-1000.0,-0.0223,-0.0449,1004.88,100.0,0.0,2015-06-17 21:00:00,1,1907,18,1888,0.06,3,-169.46,200,60,3,150,10,0.01,GBPUSD,False
0.0,-1000.0,-0.0223,-0.0285,1004.88,100.0,0.0,2016-06-24 04:00:00,0,2051,11,2040,0.06,3,-274.38,200,60,3,250,10,0.01,GBPUSD,False
0.0,-1000.0,-0.0223,-0.0729,1005.5,100.0,0.0,2014-10-22 09:00:00,3,1689,30,1656,0.07,5,-106.85,200,60,5,80,10,0.01,GBPUSD,False
0.0,-1000.0,-0.0223,-0.0644,1005.5,100.0,0.0,2014-10-06 21:00:00,3,1539,15,1521,0.09,5,-196.62,200,60,5,150,10,0.01,GBPUSD,False
0.0,-1000.0,-0.0223,-0.1142,1005.5,100.0,0.0,2013-08-27 15:00:00,5,635,6,624,0.1,5,-270.78,200,60,5,250,10,0.01,GBPUSD,False
0.0,-1000.0,-0.0223,-0.0729,1005.5,100.0,0.0,2014-10-22 09:00:00,3,1689,30,1656,0.07,5,-106.85,200,60,8,80,10,0.01,GBPUSD,False
0.0,-1000.0,-0.0223,-0.0629,1005.5,100.0,0.0,2014-10-06 21:00:00,2,1552,16,1534,0.1,7,-189.39,200,60,8,150,10,0.01,GBPUSD,False
0.0,-1000.0,-0.0223,-0.1142,1049.79,100.0,0.0,2013-06-28 15:00:00,10,555,5,540,0.12,8,-273.65,200,60,8,250,10,0.01,GBPUSD,False
0.0,-1000.0,-0.0223,-0.0497,1008.71,100.0,0.0,2015-11-20 14:00:00,4,2850,52,2794,0.06,3,-107.87,400,15,3,80,10,0.01,GBPUSD,False
0.0,-1000.0,-0.0223,-0.0625,1008.71,100.0,0.0,2015-03-06 16:00:00,0,1649,18,1631,0.06,3,-185.62,400,15,3,150,10,0.01,GBPUSD,False
0.0,-1000.0,-0.0223,-0.0417,1062.7,100.0,0.0,2016-01-07 11:00:00,3,1670,11,1656,0.06,3,-259.31,400,15,3,250,10,0.01,GBPUSD,False
0.0,-1000.0,-0.0223,-0.0693,1008.61,100.0,0.0,2014-10-15 14:00:00,2,2146,42,2102,0.1,5,-111.82,400,15,5,80,10,0.01,GBPUSD,False
0.0,-1000.0,-0.0223,-0.07,1008.61,100.0,0.0,2014-09-19 10:00:00,1,1784,21,1762,0.1,5,-172.06,400,15,5,150,10,0.01,GBPUSD,False
0.0,-1000.0,-0.0223,-0.1142,1008.61,100.0,0.0,2013-08-22 11:00:00,4,845,8,833,0.1,5,-266.31,400,15,5,250,10,0.01,GBPUSD,False
0.0,-1000.0,-0.0223,-0.0965,1009.99,100.0,0.0,2014-02-21 10:00:00,5,1640,33,1602,0.13,8,-136.17,400,15,8,80,10,0.01,GBPUSD,False
0.0,-1000.0,-0.0223,-0.1142,1009.99,100.0,0.0,2013-07-11 05:00:00,2,837,13,822,0.13,8,-204.91,400,15,8,150,10,0.01,GBPUSD,False
0.0,-1000.0,-0.0223,-0.1142,1009.99,100.0,0.0,2013-07-11 00:00:00,1,772,7,764,0.16,8,-303.19,400,15,8,250,10,0.01,GBPUSD,False
0.0,-1000.0,-0.0223,-0.042,1030.6,100.0,0.0,2015-11-25 08:00:00,8,2916,50,2858,0.06,3,-101.06,400,25,3,80,10,0.01,GBPUSD,False
0.0,-1000.0,-0.0223,-0.0709,1006.26,100.0,0.0,2015-03-16 17:00:00,4,1671,18,1649,0.06,3,-182.42,400,25,3,150,10,0.01,GBPUSD,False
0.0,-1000.0,-0.0223,-0.0499,1030.19,100.0,0.0,2016-02-04 08:00:00,5,1736,11,1720,0.06,3,-257.34,400,25,3,250,10,0.01,GBPUSD,False
0.0,-1000.0,-0.0223,-0.0965,1008.07,100.0,0.0,2014-10-10 15:00:00,8,2006,37,1961,0.1,5,-111.57,400,25,5,80,10,0.01,GBPUSD,False
0.0,-1000.0,-0.0223,-0.0765,1008.07,100.0,0.0,2014-09-19 10:00:00,2,1683,18,1663,0.1,5,-165.8,400,25,5,150,10,0.01,GBPUSD,False
0.0,-1000.0,-0.0223,-0.1142,1008.07,100.0,0.0,2013-10-09 14:00:00,3,845,7,835,0.1,5,-287.22,400,25,5,250,10,0.01,GBPUSD,False
0.0,-1000.0,-0.0223,-0.0874,1008.07,100.0,0.0,2014-09-19 10:00:00,8,1947,33,1906,0.1,7,-122.83,400,25,8,80,10,0.01,GBPUSD,False
0.0,-1000.0,-0.0223,-0.1142,1008.07,100.0,0.0,2013-10-31 01:00:00,7,1098,14,1077,0.13,8,-186.01,400,25,8,150,10,0.01,GBPUSD,False
0.0,-1000.0,-0.0223,-0.1142,1008.07,100.0,0.0,2013-06-19 20:00:00,1,635,6,628,0.15,8,-316.28,400,25,8,250,10,0.01,GBPUSD,False
0.0,-1000.0,-0.0223,-0.0437,1001.77,100.0,0.0,2015-11-19 08:00:00,6,2685,44,2635,0.06,3,-131.88,400,40,3,80,10,0.01,GBPUSD,False
0.0,-1000.0,-0.0223,-0.0594,1001.77,100.0,0.0,2015-06-17 21:00:00,1,1826,18,1807,0.06,3,-179.3,400,40,3,150,10,0.01,GBPUSD,False
0.0,-1000.0,-0.0223,-0.0661,1001.77,100.0,0.0,2015-06-02 11:00:00,2,1436,9,1425,0.06,3,-278.14,400,40,3,250,10,0.01,GBPUSD,False
0.0,-1000.0,-0.0223,-0.0739,1006.25,100.0,0.0,2015-07-14 12:00:00,3,2594,42,2549,0.08,5,-131.88,400,40,5,80,10,0.01,GBPUSD,False
0.0,-1000.0,-0.0223,-0.0725,1006.25,100.0,0.0,2015-07-10 13:00:00,2,2390,23,2365,0.1,5,-168.36,400,40,5,150,10,0.01,GBPUSD,False
0.0,-1000.0,-0.0223,-0.1142,1006.25,100.0,0.0,2013-08-23 15:00:00,4,628,6,618,0.1,5,-279.47,400,40,5,250,10,0.01,GBPUSD,False
0.0,-1000.0,-0.0223,-0.0756,1006.25,100.0,0.0,2015-07-02 03:00:00,9,2554,41,2504,0.09,6,-131.88,400,40,8,80,10,0.01,GBPUSD,False
0.0,-1000.0,-0.0223,-0.0639,1008.6,100.0,0.0,2014-10-15 14:00:00,4,1680,17,1659,0.11,8,-197.36,400,40,8,150,10,0.01,GBPUSD,False
0.0,-1000.0,-0.0223,-0.1142,1008.6,100.0,0.0,2013-06-04 01:00:00,6,495,5,484,0.13,8,-302.32,400,40,8,250,10,0.01,GBPUSD,False
0.0,-1000.0,-0.0223,-0.0454,1004.88,100.0,0.0,2015-09-22 19:00:00,3,2348,39,2306,0.06,3,-129.72,400,60,3,80,10,0.01,GBPUSD,False
0.0,-1000.0,-0.0223,-0.052,1004.88,100.0,0.0,2015-07-08 13:00:00,2,1785,17,1766,0.06,3,-169.46,400,60,3,150,10,0.01,GBPUSD,False
0.0,-1000.0,-0.0223,-0.0323,1004.88,100.0,0.0,2016-06-24 02:00:00,1,1922,11,1910,0.06,3,-274.38,400,60,3,250,10,0.01,GBPUSD,False
0.0,-1000.0,-0.0223,-0.0807,1005.5,100.0,0.0,2015-05-19 14:00:00,3,2143,35,2105,0.07,5,-129.72,400,60,5,80,10,0.01,GBPUSD,False
0.0,-1000.0,-0.0223,-0.0739,1005.5,100.0,0.0,2014-10-09 09:00:00,2,1426,15,1409,0.09,5,-196.62,400,60,5,150,10,0.01,GBPUSD,False
0.0,-1000.0,-0.0223,-0.1142,1005.5,100.0,0.0,2013-08-23 15:00:00,5,587,5,577,0.1,5,-261.18,400,60,5,250,10,0.01,GBPUSD,False
0.0,-1000.0,-0.0223,-0.0807,1005.5,100.0,0.0,2015-05-19 14:00:00,3,2143,35,2105,0.07,5,-129.72,400,60,8,80,10,0.01,GBPUSD,False
0.0,-1000.0,-0.0223,-0.0726,1005.5,100.0,0.0,2014-10-09 21:00:00,5,1440,15,1420,0.1,7,-189.39,400,60,8,150,10,0.01,GBPUSD,False
0.0,-1000.0,-0.0223,-0.1142,1049.79,100.0,0.0,2013-07-11 00:00:00,2,542,5,535,0.12,8,-273.65,400,60,8,250,10,0.01,GBPUSD,False
0.0,-1000.0,-0.0223,-0.1142,1004.57,100.0,0.0,2013-09-16 16:00:00,7,1399,22,1370,0.06,3,-107.53,50,15,3,80,6,0.01,GBPUSD,False
0.0,-1000.0,-0.0223,-0.1142,1009.14,100.0,0.0,2013-03-07 03:00:00,10,589,19,560,0.12,3,-113.73,50,15,3,80,6,0.02,GBPUSD,False
0.0,-1000.0,-0.0223,-0.1142,1015.56,100.0,0.0,2013-07-15 14:00:00,2,1029,38,989,0.12,3,-117.49,50,15,3,80,10,0.02,GBPUSD,False
0.0,-1000.0,-0.0223,-0.0795,1035.38,100.0,0.0,2015-03-20 03:00:00,4,2086,131,1951,0.12,3,-150.44,50,15,3,80,20,0.02,GBPUSD,False
0.0,-1000.0,-0.0223,-0.0943,1004.57,100.0,0.0,2014-02-18 12:00:00,3,1427,12,1412,0.06,3,-185.62,50,15,3,150,6,0.01,GBPUSD,False
0.0,-1000.0,-0.0223,-0.1142,1009.14,100.0,0.0,2013-03-20 10:00:00,1,513,10,502,0.12,3,-165.67,50,15,3,150,6,0.02,GBPUSD,False
0.0,-1000.0,-0.0223,-0.1142,1015.56,100.0,0.0,2013-09-18 20:00:00,0,1116,23,1093,0.12,3,-205.21,50,15,3,150,10,0.02,GBPUSD,False
0.0,-1000.0,-0.0223,-0.0731,1031.1,100.0,0.0,2014-10-15 14:00:00,1,1288,49,1238,0.12,3,-205.21,50,15,3,150,20,0.02,GBPUSD,False
0.0,-1000.0,-0.0223,-0.074,1004.57,100.0,0.0,2014-10-08 20:00:00,0,1473,7,1466,0.06,3,-258.25,50,15,3,250,6,0.01,GBPUSD,False
0.0,-1000.0,-0.0223,-0.1142,1009.14,100.0,0.0,2013-06-28 04:00:00,9,877,8,860,0.12,3,-299.47,50,15,3,250,6,0.02,GBPUSD,False
0.0,-1000.0,-0.0223,-0.0821,1015.56,100.0,0.0,2014-09-08 02:00:00,5,1540,18,1517,0.12,3,-299.47,50,15,3,250,10,0.02,GBPUSD,False
0.0,-1000.0,-0.0223,-0.0128,1143.95,100.0,0.0,2016-07-14 14:00:00,1,2214,49,2164,0.12,3,-489.07,50,15,3,250,20,0.02,GBPUSD,False
0.0,-1000.0,-0.0223,-0.1142,1005.94,100.0,0.0,2013-07-09 10:00:00,3,1245,20,1222,0.1,5,-118.99,50,15,5,80,6,0.01,GBPUSD,False
0.0,-1000.0,-0.0223,-0.1142,1017.62,100.0,0.0,2013-02-08 15:00:00,1,443,17,425,0.2,5,-127.15,50,15,5,80,6,0.02,GBPUSD,False
0.0,-1000.0,-0.0223,-0.1142,1059.26,100.0,0.0,2013-03-05 02:00:00,10,476,22,444,0.2,5,-127.15,50,15,5,80,10,0.02,GBPUSD,False
0.0,-1000.0,-0.0223,-0.0606,1024.36,100.0,0.0,2015-03-19 16:00:00,2,2034,78,1954,0.1,5,-141.61,50,15,5,80,20,0.01,GBPUSD,False
0.0,-1000.0,-0.0223,-0.1142,1026.07,100.0,0.0,2013-03-14 17:00:00,1,336,29,306,0.18,5,-112.32,50,15,5,80,20,0.02,GBPUSD,False
0.0,-1000.0,-0.0223,-0.1142,1005.94,100.0,0.0,2013-07-12 15:00:00,3,1084,11,1070,0.1,5,-168.29,50,15,5,150,6,0.01,GBPUSD,False
0.0,-1000.0,-0.0223,-0.1142,1011.87,100.0,0.0,2013-03-15 19:00:00,2,599,10,587,0.2,5,-216.65,50,15,5,150,6,0.02,GBPUSD,False
0.0,-1000.0,-0.0223,-0.1142,1026.76,100.0,0.0,2013-04-08 14:00:00,5,556,14,537,0.2,5,-219.75,50,15,5,150,10,0.02,GBPUSD,False
0.0,-1000.0,-0.0223,-0.0815,1013.04,100.0,0.0,2015-05-21 22:00:00,7,1819,41,1771,0.1,5,-223.59,50,15,5,150,20,0.01,GBPUSD,False
0.0,-1000.0,-0.0223,-0.1142,1065.12,100.0,0.0,2013-10-23 08:00:00,3,902,37,862,0.2,5,-223.63,50,15,5,150,20,0.02,GBPUSD,False
0.0,-1000.0,-0.0223,-0.1142,1005.94,100.0,0.0,2013-07-08 15:00:00,3,892,6,883,0.1,5,-266.31,50,15,5,250,6,0.01,GBPUSD,False
0.0,-1000.0,-0.0223,-0.1142,1011.87,100.0,0.0,2013-02-20 20:00:00,2,420,5,413,0.2,5,-324.01,50,15,5,250,6,0.02,GBPUSD,False
0.0,-1000.0,-0.0223,-0.1142,1016.81,100.0,0.0,2013-03-05 02:00:00,9,368,6,353,0.2,5,-324.01,50,15,5,250,10,0.02,GBPUSD,False
0.0,-1000.0,-0.0223,-0.063,1013.04,100.0,0.0,2016-03-29 10:00:00,4,2005,27,1974,0.1,5,-295.04,50,15,5,250,20,0.01,GBPUSD,False
0.0,-1000.0,-0.0223,-0.1142,1026.07,100.0,0.0,2013-03-18 01:00:00,3,250,8,239,0.2,5,-319.91,50,15,5,250,20,0.02,GBPUSD,False
0.0,-1000.0,-0.0223,-0.1142,1005.94,100.0,0.0,2013-07-09 10:00:00,1,1304,21,1282,0.13,8,-136.17,50,15,8,80,6,0.01,GBPUSD,False
0.0,-1000.0,-0.0223,-0.1142,1025.96,100.0,0.0,2013-02-04 19:00:00,6,430,16,408,0.18,7,-127.15,50,15,8,80,6,0.02,GBPUSD,False
0.0,-1000.0,-0.0223,-0.1142,1066.46,100.0,0.0,2013-02-13 11:00:00,3,366,20,343,0.16,7,-127.15,50,15,8,80,10,0.02,GBPUSD,False
0.0,-1000.0,-0.0223,-0.0621,1046.2,100.0,0.0,2014-11-11 15:00:00,6,1806,71,1729,0.14,8,-139.29,50,15,8,80,20,0.01,GBPUSD,False
0.0,-1000.0,-0.0223,-0.1142,1026.07,100.0,0.0,2013-03-14 14:00:00,3,342,29,310,0.18,7,-112.38,50,15,8,80,20,0.02,GBPUSD,False
0.0,-1000.0,-0.0223,-0.1142,1005.94,100.0,0.0,2013-05-14 11:00:00,10,887,9,868,0.13,8,-195.32,50,15,8,150,6,0.01,GBPUSD,False
0.0,-1000.0,-0.0223,-0.1142,1011.87,100.0,0.0,2013-02-21 12:00:00,3,508,10,495,0.22,8,-182.12,50,15,8,150,6,0.02,GBPUSD,False
0.0,-1000.0,-0.0223,-0.1142,1019.28,100.0,0.0,2013-03-18 01:00:00,6,505,13,486,0.24,8,-179.46,50,15,8,150,10,0.02,GBPUSD,False
0.0,-1000.0,-0.0223,-0.1142,1013.04,100.0,0.0,2013-09-18 20:00:00,0,779,21,758,0.15,8,-214.23,50,15,8,150,20,0.01,GBPUSD,False
0.0,-1000.0,-0.0223,-0.1142,1092.39,100.0,0.0,2013-09-27 04:00:00,11,888,35,842,0.28,8,-272.33,50,15,8,150,20,0.02,GBPUSD,False
0.0,-1000.0,-0.0223,-0.1142,1005.94,100.0,0.0,2013-04-15 04:00:00,4,651,5,642,0.16,8,-303.19,50,15,8,250,6,0.01,GBPUSD,False
0.0,-1000.0,-0.0223,-0.1142,1011.87,100.0,0.0,2013-01-29 00:00:00,11,345,4,330,0.26,8,-315.63,50,15,8,250,6,0.02,GBPUSD,False
0.0,-1000.0,-0.0223,-0.1142,1016.81,100.0,0.0,2013-02-22 00:00:00,7,385,7,371,0.26,8,-315.63,50,15,8,250,10,0.02,GBPUSD,False
0.0,-1000.0,-0.0223,-0.0535,1013.04,100.0,0.0,2016-03-16 20:00:00,2,2722,37,2683,0.16,8,-354.45,50,15,8,250,20,0.01,GBPUSD,False
0.0,-1000.0,-0.0223,-0.1142,1026.07,100.0,0.0,2013-03-14 17:00:00,1,278,9,268,0.28,8,-330.54,50,15,8,250,20,0.02,GBPUSD,False
0.0,-1000.0,-0.0223,-0.1142,1002.12,100.0,0.0,2013-10-22 14:00:00,3,1466,22,1441,0.06,3,-105.73,50,25,3,80,6,0.01,GBPUSD,False
0.0,-1000.0,-0.0223,-0.1142,1022.4,100.0,0.0,2013-06-14 14:00:00,3,1099,26,1070,0.12,3,-111.21,50,25,3,80,6,0.02,GBPUSD,False
0.0,-1000.0,-0.0223,-0.1142,1010.66,100.0,0.0,2013-09-19 10:00:00,1,1260,42,1217,0.12,3,-123.87,50,25,3,80,10,0.02,GBPUSD,False
0.0,-1000.0,-0.0223,-0.043,1019.3,100.0,0.0,2016-06-07 07:00:00,0,3473,196,3277,0.12,3,-150.44,50,25,3,80,20,0.02,GBPUSD,False
0.0,-1000.0,-0.0223,-0.0985,1002.12,100.0,0.0,2014-09-08 16:00:00,2,1938,14,1922,0.06,3,-181.94,50,25,3,150,6,0.01,GBPUSD,False
0.0,-1000.0,-0.0223,-0.1142,1004.24,100.0,0.0,2013-03-18 01:00:00,5,506,10,491,0.12,3,-168.75,50,25,3,150,6,0.02,GBPUSD,False
0.0,-1000.0,-0.0223,-0.1142,1010.66,100.0,0.0,2013-07-08 12:00:00,4,844,18,822,0.12,3,-211.77,50,25,3,150,10,0.02,GBPUSD,False
0.0,-1000.0,-0.0223,-0.0575,1027.79,100.0,0.0,2016-07-01 04:00:00,3,2932,97,2832,0.12,3,-209.89,50,25,3,150,20,0.02,GBPUSD,False
0.0,-1000.0,-0.0223,-0.0797,1002.12,100.0,0.0,2015-03-18 21:00:00,1,1839,8,1830,0.06,3,-255.83,50,25,3,250,6,0.01,GBPUSD,False
0.0,-1000.0,-0.0223,-0.1142,1004.24,100.0,0.0,2013-07-01 15:00:00,7,938,8,923,0.12,3,-294.87,50,25,3,250,6,0.02,GBPUSD,False
0.0,-1000.0,-0.0223,-0.0833,1010.66,100.0,0.0,2015-03-19 04:00:00,3,2043,21,2019,0.12,3,-294.87,50,25,3,250,10,0.02,GBPUSD,False
