sym,entry,seed,rule,max_days,risk,mode,sample,max_starts,n,pass_pct,pass_inconsistent_pct,fail_daily_pct,fail_max_pct,timeout_pct,days_to_pass_median,trades_mean,max_dd_mean,worst_day_mean,end_balance_mean,burn_pct,secs,stage
BTCUSD,coin,1,ftmo_1step,7,2.8,fixed,IS,,390,12.3,4.6,7.2,53.3,22.6,4.7,4.9,8.93,-2.8,98636.0,60.5,1.2,3_coin
BTCUSD,coin,1,ftmo_1step,7,2.8,fixed,OOS,,395,15.9,7.1,0.3,57.0,19.7,4.5,4.9,9.1,-2.74,99106.0,57.3,1.2,3_coin
BTCUSD,coin,1,ftmo_1step,30,2.8,fixed,IS,,390,17.9,4.6,7.2,70.3,0.0,5.7,5.6,9.27,-2.8,98444.0,77.5,1.4,3_coin
BTCUSD,coin,1,ftmo_1step,30,2.8,fixed,OOS,,395,20.0,7.1,0.3,71.4,1.3,4.7,5.3,9.36,-2.74,98916.0,71.7,1.3,3_coin
BTCUSD,coin,1,fundingpips_1step,7,2.8,fixed,IS,,390,16.4,0.0,6.7,54.4,22.6,3.8,4.5,8.39,-2.8,98620.0,61.1,1.1,3_coin
BTCUSD,coin,1,fundingpips_1step,7,2.8,fixed,OOS,,395,23.3,0.0,0.3,55.2,21.3,3.7,4.5,8.48,-2.74,99355.0,55.5,1.0,3_coin
BTCUSD,coin,1,fundingpips_1step,30,2.8,fixed,IS,,390,23.8,0.0,6.7,69.5,0.0,4.9,5.6,9.28,-2.8,98166.0,76.2,1.3,3_coin
BTCUSD,coin,1,fundingpips_1step,30,2.8,fixed,OOS,,395,31.1,0.0,0.3,67.3,1.3,4.6,5.4,9.12,-2.74,99292.0,67.6,1.3,3_coin
BTCUSD,coin,1,e8_one_8,7,2.8,fixed,IS,,390,10.5,0.0,0.0,80.0,9.5,3.8,4.3,8.07,-2.85,98461.0,80.0,1.0,3_coin
BTCUSD,coin,1,e8_one_8,7,2.8,fixed,OOS,,395,14.7,0.0,0.0,75.9,9.4,3.8,4.2,7.97,-2.79,99281.0,75.9,1.2,3_coin
BTCUSD,coin,1,e8_one_8,30,2.8,fixed,IS,,390,13.6,0.0,0.0,86.4,0.0,4.8,4.5,8.15,-2.85,98538.0,86.4,1.2,3_coin
BTCUSD,coin,1,e8_one_8,30,2.8,fixed,OOS,,395,15.4,0.0,0.0,83.3,1.3,3.9,4.4,8.07,-2.79,99173.0,83.3,1.1,3_coin
BTCUSD,coin,1,e8_one_14,7,2.8,fixed,IS,,390,1.3,0.0,0.0,32.3,66.4,4.6,6.6,11.27,-2.91,98005.0,32.3,1.9,3_coin
BTCUSD,coin,1,e8_one_14,7,2.8,fixed,OOS,,395,2.8,0.0,0.0,27.3,69.9,5.9,6.5,11.18,-2.86,99198.0,27.3,2.0,3_coin
BTCUSD,coin,1,e8_one_14,30,2.8,fixed,IS,,390,12.3,0.0,0.0,87.7,0.0,16.0,11.4,13.98,-2.92,97162.0,87.7,3.1,3_coin
BTCUSD,coin,1,e8_one_14,30,2.8,fixed,OOS,,395,14.9,0.0,0.0,83.0,2.0,10.9,11.2,13.8,-2.86,98051.0,83.0,3.1,3_coin
BTCUSD,coin,1,the5ers_hyper,7,2.8,fixed,IS,,390,16.4,0.0,6.7,54.4,22.6,4.2,4.5,8.39,-2.8,98620.0,61.1,1.3,3_coin
BTCUSD,coin,1,the5ers_hyper,7,2.8,fixed,OOS,,395,23.3,0.0,0.3,55.2,21.3,4.2,4.5,8.48,-2.74,99355.0,55.5,1.4,3_coin
BTCUSD,coin,1,the5ers_hyper,30,2.8,fixed,IS,,390,23.8,0.0,6.7,69.5,0.0,4.9,5.6,9.28,-2.8,98166.0,76.2,1.6,3_coin
BTCUSD,coin,1,the5ers_hyper,30,2.8,fixed,OOS,,395,31.1,0.0,0.3,67.3,1.3,4.6,5.4,9.12,-2.74,99292.0,67.6,1.3,3_coin
BTCUSD,coin,1,ftmo_p1,7,2.8,fixed,IS,,390,7.7,0.0,0.0,7.9,84.4,5.6,6.7,7.25,-2.25,98808.0,7.9,1.7,3_coin
BTCUSD,coin,1,ftmo_p1,7,2.8,fixed,OOS,,395,7.6,0.0,0.0,2.8,89.6,5.6,6.7,6.35,-2.0,99809.0,2.8,1.7,3_coin
BTCUSD,coin,1,ftmo_p1,30,2.8,fixed,IS,,390,25.9,0.0,0.0,58.5,15.6,11.8,17.0,11.77,-2.53,96929.0,58.5,4.2,3_coin
BTCUSD,coin,1,ftmo_p1,30,2.8,fixed,OOS,,395,27.1,0.0,0.0,36.5,36.5,11.7,20.1,10.52,-2.3,98768.0,36.5,4.9,3_coin
BTCUSD,coin,4,ftmo_1step,7,2.8,fixed,IS,,390,12.3,5.1,6.9,50.8,24.9,4.6,5.0,8.86,-2.79,99210.0,57.7,1.2,3_coin
BTCUSD,coin,4,ftmo_1step,7,2.8,fixed,OOS,,395,15.4,7.6,0.3,57.5,19.2,4.5,4.9,9.21,-2.74,99180.0,57.8,1.3,3_coin
BTCUSD,coin,4,ftmo_1step,30,2.8,fixed,IS,,390,17.7,5.1,8.2,69.0,0.0,5.5,5.9,9.29,-2.79,98833.0,77.2,1.5,3_coin
BTCUSD,coin,4,ftmo_1step,30,2.8,fixed,OOS,,395,19.0,7.6,0.3,72.2,1.0,4.8,5.4,9.47,-2.74,98892.0,72.5,1.4,3_coin
BTCUSD,coin,4,fundingpips_1step,7,2.8,fixed,IS,,390,17.9,0.0,5.9,50.8,25.4,3.6,4.7,8.53,-2.79,99184.0,56.7,1.2,3_coin
BTCUSD,coin,4,fundingpips_1step,7,2.8,fixed,OOS,,395,22.8,0.0,0.0,55.9,21.3,3.6,4.5,8.58,-2.74,99310.0,55.9,1.2,3_coin
BTCUSD,coin,4,fundingpips_1step,30,2.8,fixed,IS,,390,27.4,0.0,6.9,64.4,1.3,4.9,6.4,9.45,-2.8,98976.0,71.3,1.7,3_coin
BTCUSD,coin,4,fundingpips_1step,30,2.8,fixed,OOS,,395,30.9,0.0,0.0,67.8,1.3,4.6,5.5,9.23,-2.74,99284.0,67.8,1.4,3_coin
BTCUSD,coin,4,e8_one_8,7,2.8,fixed,IS,,390,9.5,0.0,0.0,77.7,12.8,3.6,4.4,8.07,-2.84,98974.0,77.7,1.3,3_coin
BTCUSD,coin,4,e8_one_8,7,2.8,fixed,OOS,,395,13.9,0.0,0.0,78.2,7.8,4.5,4.2,7.95,-2.79,99344.0,78.2,1.3,3_coin
BTCUSD,coin,4,e8_one_8,30,2.8,fixed,IS,,390,11.0,0.0,0.0,89.0,0.0,3.9,4.8,8.24,-2.84,98729.0,89.0,1.4,3_coin
BTCUSD,coin,4,e8_one_8,30,2.8,fixed,OOS,,395,15.4,0.0,0.0,83.8,0.8,4.5,4.4,8.02,-2.79,99238.0,83.8,1.2,3_coin
BTCUSD,coin,4,e8_one_14,7,2.8,fixed,IS,,390,1.8,0.0,0.0,25.4,72.8,5.5,6.7,11.11,-2.91,98627.0,25.4,1.9,3_coin
BTCUSD,coin,4,e8_one_14,7,2.8,fixed,OOS,,395,3.8,0.0,0.0,29.9,66.3,5.5,6.5,11.19,-2.85,99153.0,29.9,1.7,3_coin
BTCUSD,coin,4,e8_one_14,30,2.8,fixed,IS,,390,12.6,0.0,0.0,81.8,5.6,14.7,12.8,13.77,-2.92,97488.0,81.8,3.1,3_coin
BTCUSD,coin,4,e8_one_14,30,2.8,fixed,OOS,,395,14.4,0.0,0.0,78.5,7.1,9.7,11.6,13.78,-2.87,98699.0,78.5,2.9,3_coin
BTCUSD,coin,4,the5ers_hyper,7,2.8,fixed,IS,,390,17.9,0.0,5.9,50.8,25.4,4.2,4.7,8.53,-2.79,99184.0,56.7,1.3,3_coin
BTCUSD,coin,4,the5ers_hyper,7,2.8,fixed,OOS,,395,22.8,0.0,0.0,55.9,21.3,4.2,4.5,8.58,-2.74,99310.0,55.9,1.2,3_coin
BTCUSD,coin,4,the5ers_hyper,30,2.8,fixed,IS,,390,27.4,0.0,6.9,64.4,1.3,4.9,6.4,9.45,-2.8,98976.0,71.3,1.6,3_coin
BTCUSD,coin,4,the5ers_hyper,30,2.8,fixed,OOS,,395,30.9,0.0,0.0,67.8,1.3,4.6,5.5,9.23,-2.74,99284.0,67.8,1.4,3_coin
BTCUSD,coin,4,ftmo_p1,7,2.8,fixed,IS,,390,6.9,0.0,0.0,4.4,88.7,5.6,6.8,7.07,-2.24,99440.0,4.4,1.8,3_coin
BTCUSD,coin,4,ftmo_p1,7,2.8,fixed,OOS,,395,5.6,0.0,0.0,6.6,87.8,5.6,6.8,6.45,-1.97,99625.0,6.6,1.7,3_coin
BTCUSD,coin,4,ftmo_p1,30,2.8,fixed,IS,,390,28.2,0.0,0.0,47.2,24.6,13.6,19.1,11.41,-2.54,98236.0,47.2,4.7,3_coin
BTCUSD,coin,4,ftmo_p1,30,2.8,fixed,OOS,,395,28.6,0.0,0.0,32.4,39.0,14.7,20.3,10.31,-2.23,99606.0,32.4,5.2,3_coin
BTCUSD,coin,3,ftmo_1step,7,2.8,fixed,IS,,390,10.0,5.1,8.5,56.4,20.0,4.5,4.8,9.09,-2.8,98368.0,64.9,1.2,3_coin
BTCUSD,coin,3,ftmo_1step,7,2.8,fixed,OOS,,395,13.7,5.8,1.0,48.6,30.9,4.5,5.2,8.88,-2.76,99856.0,49.6,1.4,3_coin
BTCUSD,coin,3,ftmo_1step,30,2.8,fixed,IS,,390,15.1,5.1,8.5,71.3,0.0,5.6,5.4,9.35,-2.8,98228.0,79.8,1.4,3_coin
BTCUSD,coin,3,ftmo_1step,30,2.8,fixed,OOS,,395,21.5,5.8,1.0,70.4,1.3,5.7,6.4,9.31,-2.76,99631.0,71.4,1.6,3_coin
BTCUSD,coin,3,fundingpips_1step,7,2.8,fixed,IS,,390,15.1,0.0,8.2,54.9,21.8,3.6,4.5,8.68,-2.8,98381.0,63.1,1.1,3_coin
BTCUSD,coin,3,fundingpips_1step,7,2.8,fixed,OOS,,395,19.7,0.0,1.8,45.3,33.2,3.6,4.9,8.56,-2.76,99895.0,47.1,1.2,3_coin
BTCUSD,coin,3,fundingpips_1step,30,2.8,fixed,IS,,390,22.3,0.0,8.2,68.7,0.8,4.6,5.8,9.5,-2.8,98130.0,76.9,1.4,3_coin
BTCUSD,coin,3,fundingpips_1step,30,2.8,fixed,OOS,,395,31.1,0.0,2.3,64.3,2.3,5.5,6.9,9.64,-2.76,99556.0,66.6,1.7,3_coin
BTCUSD,coin,3,e8_one_8,7,2.8,fixed,IS,,390,10.8,0.0,0.0,81.5,7.7,4.1,4.3,8.29,-2.86,98620.0,81.5,1.0,3_coin
BTCUSD,coin,3,e8_one_8,7,2.8,fixed,OOS,,395,9.4,0.0,0.0,78.7,11.9,3.5,4.4,7.94,-2.81,99278.0,78.7,1.2,3_coin
BTCUSD,coin,3,e8_one_8,30,2.8,fixed,IS,,390,12.1,0.0,0.0,87.9,0.0,4.5,4.4,8.37,-2.86,98541.0,87.9,1.2,3_coin
BTCUSD,coin,3,e8_one_8,30,2.8,fixed,OOS,,395,13.2,0.0,0.0,86.8,0.0,4.5,4.7,8.05,-2.81,99315.0,86.8,1.3,3_coin
BTCUSD,coin,3,e8_one_14,7,2.8,fixed,IS,,390,0.8,0.0,0.0,28.5,70.8,5.6,6.6,11.38,-2.91,98165.0,28.5,1.9,3_coin
BTCUSD,coin,3,e8_one_14,7,2.8,fixed,OOS,,395,3.3,0.0,0.0,19.2,77.5,4.8,6.6,10.54,-2.86,100396.0,19.2,1.7,3_coin
BTCUSD,coin,3,e8_one_14,30,2.8,fixed,IS,,390,6.9,0.0,0.0,91.8,1.3,14.7,11.9,14.22,-2.93,96204.0,91.8,2.9,3_coin
BTCUSD,coin,3,e8_one_14,30,2.8,fixed,OOS,,395,11.6,0.0,0.0,81.0,7.3,12.2,13.9,13.54,-2.87,98777.0,81.0,3.4,3_coin
BTCUSD,coin,3,the5ers_hyper,7,2.8,fixed,IS,,390,15.1,0.0,8.2,54.9,21.8,4.2,4.5,8.68,-2.8,98381.0,63.1,1.3,3_coin
BTCUSD,coin,3,the5ers_hyper,7,2.8,fixed,OOS,,395,19.7,0.0,1.8,45.3,33.2,4.2,4.9,8.56,-2.76,99895.0,47.1,1.2,3_coin
BTCUSD,coin,3,the5ers_hyper,30,2.8,fixed,IS,,390,22.3,0.0,8.2,68.7,0.8,4.6,5.8,9.5,-2.8,98130.0,76.9,1.4,3_coin
BTCUSD,coin,3,the5ers_hyper,30,2.8,fixed,OOS,,395,31.1,0.0,2.3,64.3,2.3,5.5,6.9,9.64,-2.76,99556.0,66.6,1.7,3_coin
BTCUSD,coin,3,ftmo_p1,7,2.8,fixed,IS,,390,6.7,0.0,0.0,7.9,85.4,5.6,6.7,7.34,-2.24,98953.0,7.9,1.7,3_coin
BTCUSD,coin,3,ftmo_p1,7,2.8,fixed,OOS,,395,5.6,0.0,0.0,1.5,92.9,5.6,6.8,6.08,-2.01,100434.0,1.5,1.7,3_coin
BTCUSD,coin,3,ftmo_p1,30,2.8,fixed,IS,,390,25.6,0.0,0.0,51.0,23.3,13.6,18.1,12.2,-2.59,97908.0,51.0,4.5,3_coin
BTCUSD,coin,3,ftmo_p1,30,2.8,fixed,OOS,,395,28.6,0.0,0.0,14.7,56.7,11.9,22.6,9.84,-2.32,101616.0,14.7,5.6,3_coin
BTCUSD,coin,2,ftmo_1step,7,2.8,fixed,IS,,390,15.1,5.4,8.7,50.0,20.8,4.8,4.9,8.77,-2.79,99439.0,58.7,1.2,3_coin
BTCUSD,coin,2,ftmo_1step,7,2.8,fixed,OOS,,395,17.7,6.3,0.0,46.1,29.9,4.6,5.2,8.79,-2.76,100772.0,46.1,1.4,3_coin
BTCUSD,coin,2,ftmo_1step,30,2.8,fixed,IS,,390,24.6,5.4,8.7,61.3,0.0,6.6,5.6,8.98,-2.8,99808.0,70.0,1.7,3_coin
BTCUSD,coin,2,ftmo_1step,30,2.8,fixed,OOS,,395,28.6,6.3,0.0,64.1,1.0,5.6,6.3,9.24,-2.76,100980.0,64.1,1.8,3_coin
BTCUSD,coin,2,fundingpips_1step,7,2.8,fixed,IS,,390,19.5,0.0,7.2,49.5,23.8,3.9,4.7,8.41,-2.8,99557.0,56.7,1.4,3_coin
BTCUSD,coin,2,fundingpips_1step,7,2.8,fixed,OOS,,395,24.6,0.0,0.0,46.3,29.1,3.6,4.8,8.46,-2.75,100622.0,46.3,1.5,3_coin
BTCUSD,coin,2,fundingpips_1step,30,2.8,fixed,IS,,390,31.5,0.0,7.2,61.3,0.0,5.8,5.9,9.08,-2.8,99691.0,68.5,1.7,3_coin
BTCUSD,coin,2,fundingpips_1step,30,2.8,fixed,OOS,,395,40.0,0.0,0.0,58.5,1.5,5.6,6.4,9.37,-2.76,101088.0,58.5,1.9,3_coin
BTCUSD,coin,2,e8_one_8,7,2.8,fixed,IS,,390,13.6,0.0,0.0,77.9,8.5,4.7,4.2,8.01,-2.84,99223.0,77.9,1.2,3_coin
BTCUSD,coin,2,e8_one_8,7,2.8,fixed,OOS,,395,13.2,0.0,0.0,74.4,12.4,4.4,4.5,7.92,-2.81,100113.0,74.4,1.3,3_coin
BTCUSD,coin,2,e8_one_8,30,2.8,fixed,IS,,390,17.7,0.0,0.0,82.3,0.0,5.6,4.4,8.07,-2.84,99422.0,82.3,1.2,3_coin
BTCUSD,coin,2,e8_one_8,30,2.8,fixed,OOS,,395,15.2,0.0,0.0,84.8,0.0,4.6,4.8,8.07,-2.81,99940.0,84.8,1.4,3_coin
BTCUSD,coin,2,e8_one_14,7,2.8,fixed,IS,,390,1.0,0.0,0.0,26.9,72.1,6.2,6.7,11.04,-2.92,98950.0,26.9,1.9,3_coin
BTCUSD,coin,2,e8_one_14,7,2.8,fixed,OOS,,395,1.0,0.0,0.0,15.9,83.0,5.8,6.7,10.33,-2.86,101523.0,15.9,2.0,3_coin
BTCUSD,coin,2,e8_one_14,30,2.8,fixed,IS,,390,20.5,0.0,0.0,76.9,2.6,15.7,12.8,13.44,-2.94,99828.0,76.9,3.6,3_coin
BTCUSD,coin,2,e8_one_14,30,2.8,fixed,OOS,,395,18.2,0.0,0.0,75.7,6.1,16.6,14.2,13.48,-2.87,102173.0,75.7,4.1,3_coin
BTCUSD,coin,2,the5ers_hyper,7,2.8,fixed,IS,,390,19.5,0.0,7.2,49.5,23.8,4.2,4.7,8.41,-2.8,99557.0,56.7,1.4,3_coin
BTCUSD,coin,2,the5ers_hyper,7,2.8,fixed,OOS,,395,24.6,0.0,0.0,46.3,29.1,4.2,4.8,8.46,-2.75,100622.0,46.3,1.4,3_coin
BTCUSD,coin,2,the5ers_hyper,30,2.8,fixed,IS,,390,31.5,0.0,7.2,61.3,0.0,5.8,5.9,9.08,-2.8,99691.0,68.5,1.6,3_coin
BTCUSD,coin,2,the5ers_hyper,30,2.8,fixed,OOS,,395,40.0,0.0,0.0,58.5,1.5,5.6,6.4,9.37,-2.76,101088.0,58.5,1.8,3_coin
BTCUSD,coin,2,ftmo_p1,7,2.8,fixed,IS,,390,8.5,0.0,0.0,5.9,85.6,5.6,6.8,7.1,-2.25,99556.0,5.9,2.0,3_coin
BTCUSD,coin,2,ftmo_p1,7,2.8,fixed,OOS,,395,5.6,0.0,0.0,2.3,92.2,5.6,6.8,5.94,-1.97,100776.0,2.3,2.1,3_coin
BTCUSD,coin,2,ftmo_p1,30,2.8,fixed,IS,,390,35.4,0.0,0.0,52.8,11.8,13.8,16.9,11.26,-2.54,98692.0,52.8,4.9,3_coin
BTCUSD,coin,2,ftmo_p1,30,2.8,fixed,OOS,,395,39.7,0.0,0.0,15.7,44.6,15.5,21.2,9.24,-2.26,103679.0,15.7,6.3,3_coin
BTCUSD,coin,5,ftmo_1step,7,2.8,fixed,IS,,390,9.2,6.4,7.4,50.0,26.9,4.7,5.1,8.85,-2.81,98698.0,57.4,1.3,3_coin
BTCUSD,coin,5,ftmo_1step,7,2.8,fixed,OOS,,395,15.2,7.1,0.0,57.7,20.0,4.5,4.9,8.98,-2.75,99674.0,57.7,1.3,3_coin
BTCUSD,coin,5,ftmo_1step,30,2.8,fixed,IS,,390,13.8,6.4,7.4,72.3,0.0,5.9,6.3,9.31,-2.82,98268.0,79.7,1.5,3_coin
BTCUSD,coin,5,ftmo_1step,30,2.8,fixed,OOS,,395,21.3,7.1,0.0,70.4,1.3,5.5,5.4,9.26,-2.75,99671.0,70.4,1.5,3_coin
BTCUSD,coin,5,fundingpips_1step,7,2.8,fixed,IS,,390,14.6,0.0,7.4,51.5,26.4,3.6,4.7,8.47,-2.81,98544.0,58.9,1.3,3_coin
BTCUSD,coin,5,fundingpips_1step,7,2.8,fixed,OOS,,395,22.0,0.0,0.0,50.9,27.1,3.5,4.7,8.79,-2.75,99740.0,50.9,1.2,3_coin
BTCUSD,coin,5,fundingpips_1step,30,2.8,fixed,IS,,390,20.5,0.0,8.2,70.8,0.5,4.7,6.5,9.63,-2.82,97650.0,79.0,1.7,3_coin
BTCUSD,coin,5,fundingpips_1step,30,2.8,fixed,OOS,,395,30.6,0.0,0.0,67.8,1.5,4.6,6.1,9.68,-2.75,99269.0,67.8,1.5,3_coin
BTCUSD,coin,5,e8_one_8,7,2.8,fixed,IS,,390,7.9,0.0,0.0,80.8,11.3,3.6,4.4,8.02,-2.85,98423.0,80.8,1.1,3_coin
BTCUSD,coin,5,e8_one_8,7,2.8,fixed,OOS,,395,12.4,0.0,0.0,77.2,10.4,3.6,4.2,7.94,-2.79,99541.0,77.2,1.1,3_coin
BTCUSD,coin,5,e8_one_8,30,2.8,fixed,IS,,390,8.7,0.0,0.0,91.3,0.0,3.6,4.7,8.16,-2.85,98145.0,91.3,1.2,3_coin
BTCUSD,coin,5,e8_one_8,30,2.8,fixed,OOS,,395,13.2,0.0,0.0,85.8,1.0,3.6,4.3,8.04,-2.79,99359.0,85.8,1.1,3_coin
BTCUSD,coin,5,e8_one_14,7,2.8,fixed,IS,,390,1.5,0.0,0.0,22.3,76.2,6.3,6.7,10.88,-2.92,98197.0,22.3,1.7,3_coin
BTCUSD,coin,5,e8_one_14,7,2.8,fixed,OOS,,395,2.8,0.0,0.0,25.1,72.2,6.5,6.6,10.99,-2.86,99899.0,25.1,1.8,3_coin
BTCUSD,coin,5,e8_one_14,30,2.8,fixed,IS,,390,7.4,0.0,0.0,89.7,2.8,13.6,12.3,14.15,-2.93,95628.0,89.7,3.2,3_coin
BTCUSD,coin,5,e8_one_14,30,2.8,fixed,OOS,,395,14.7,0.0,0.0,82.0,3.3,13.8,11.8,13.68,-2.87,99224.0,82.0,3.0,3_coin
BTCUSD,coin,5,the5ers_hyper,7,2.8,fixed,IS,,390,14.6,0.0,7.4,51.5,26.4,4.2,4.7,8.47,-2.81,98544.0,58.9,1.2,3_coin
BTCUSD,coin,5,the5ers_hyper,7,2.8,fixed,OOS,,395,22.0,0.0,0.0,50.9,27.1,4.2,4.7,8.79,-2.75,99740.0,50.9,1.3,3_coin
BTCUSD,coin,5,the5ers_hyper,30,2.8,fixed,IS,,390,20.5,0.0,8.2,70.8,0.5,4.7,6.5,9.63,-2.82,97650.0,79.0,1.6,3_coin
BTCUSD,coin,5,the5ers_hyper,30,2.8,fixed,OOS,,395,30.6,0.0,0.0,67.8,1.5,4.6,6.1,9.68,-2.75,99269.0,67.8,1.5,3_coin
BTCUSD,coin,5,ftmo_p1,7,2.8,fixed,IS,,390,6.9,0.0,0.0,3.8,89.2,5.6,6.8,6.93,-2.27,99060.0,3.8,1.9,3_coin
BTCUSD,coin,5,ftmo_p1,7,2.8,fixed,OOS,,395,8.1,0.0,0.0,3.8,88.1,5.6,6.7,6.22,-2.0,100145.0,3.8,1.9,3_coin
BTCUSD,coin,5,ftmo_p1,30,2.8,fixed,IS,,390,20.3,0.0,0.0,51.8,27.9,10.5,19.9,12.05,-2.6,96126.0,51.8,4.7,3_coin
BTCUSD,coin,5,ftmo_p1,30,2.8,fixed,OOS,,395,30.6,0.0,0.0,26.6,42.8,12.8,20.8,10.34,-2.28,100490.0,26.6,5.3,3_coin
BTCUSD,coin,1,ftmo_1step,7,1.5,ladder_balance,IS,,390,0.8,0.0,0.0,0.0,99.2,5.5,7.0,3.16,-1.2,99494.0,0.0,1.9,3_coin
BTCUSD,coin,1,ftmo_1step,7,1.5,ladder_balance,OOS,,395,0.8,0.0,0.0,0.0,99.2,5.5,6.9,3.09,-1.2,100018.0,0.0,2.0,3_coin
BTCUSD,coin,1,ftmo_1step,30,1.5,ladder_balance,IS,,390,6.7,0.0,0.0,16.7,76.7,19.0,28.6,7.5,-1.56,97868.0,16.7,7.4,3_coin
BTCUSD,coin,1,ftmo_1step,30,1.5,ladder_balance,OOS,,395,10.4,0.0,0.0,10.4,79.2,22.5,27.8,6.71,-1.54,100129.0,10.4,7.0,3_coin
BTCUSD,coin,1,fundingpips_1step,7,1.5,ladder_balance,IS,,390,0.8,0.0,0.0,0.0,99.2,5.5,7.0,3.16,-1.2,99494.0,0.0,1.9,3_coin
BTCUSD,coin,1,fundingpips_1step,7,1.5,ladder_balance,OOS,,395,0.8,0.0,0.0,0.0,99.2,5.5,6.9,3.09,-1.2,100018.0,0.0,1.9,3_coin
BTCUSD,coin,1,fundingpips_1step,30,1.5,ladder_balance,IS,,390,6.7,0.0,0.0,38.7,54.6,19.0,25.8,6.99,-1.52,97950.0,38.7,6.3,3_coin
BTCUSD,coin,1,fundingpips_1step,30,1.5,ladder_balance,OOS,,395,10.4,0.0,0.0,18.7,70.9,22.5,26.5,6.47,-1.51,100239.0,18.7,6.8,3_coin
BTCUSD,coin,1,e8_one_8,7,1.5,ladder_balance,IS,,390,0.3,0.0,0.0,0.0,99.7,6.5,7.0,3.16,-1.2,99484.0,0.0,1.7,3_coin
BTCUSD,coin,1,e8_one_8,7,1.5,ladder_balance,OOS,,395,0.0,0.0,0.0,1.3,98.7,,6.9,3.09,-1.19,100002.0,1.3,1.8,3_coin
BTCUSD,coin,1,e8_one_8,30,1.5,ladder_balance,IS,,390,2.3,0.0,0.0,42.6,55.1,12.5,26.7,7.02,-1.55,97943.0,42.6,6.6,3_coin
BTCUSD,coin,1,e8_one_8,30,1.5,ladder_balance,OOS,,395,4.3,0.0,0.0,28.1,67.6,23.5,26.6,6.53,-1.52,100085.0,28.1,6.6,3_coin
BTCUSD,coin,1,e8_one_14,7,1.5,ladder_balance,IS,,390,0.0,0.0,0.0,0.0,100.0,,7.0,3.16,-1.2,99484.0,0.0,1.9,3_coin
BTCUSD,coin,1,e8_one_14,7,1.5,ladder_balance,OOS,,395,0.0,0.0,0.0,0.0,100.0,,6.9,3.09,-1.2,100010.0,0.0,1.8,3_coin
BTCUSD,coin,1,e8_one_14,30,1.5,ladder_balance,IS,,390,0.0,0.0,0.0,0.0,100.0,,30.0,7.77,-1.57,97664.0,0.0,7.5,3_coin
BTCUSD,coin,1,e8_one_14,30,1.5,ladder_balance,OOS,,395,0.0,0.0,0.0,0.0,100.0,,29.2,6.99,-1.56,99917.0,0.0,7.5,3_coin
BTCUSD,coin,1,the5ers_hyper,7,1.5,ladder_balance,IS,,390,0.8,0.0,0.0,0.0,99.2,5.5,7.0,3.16,-1.2,99494.0,0.0,2.0,3_coin
BTCUSD,coin,1,the5ers_hyper,7,1.5,ladder_balance,OOS,,395,0.8,0.0,0.0,0.0,99.2,5.5,6.9,3.09,-1.2,100018.0,0.0,1.9,3_coin
BTCUSD,coin,1,the5ers_hyper,30,1.5,ladder_balance,IS,,390,6.7,0.0,0.0,38.7,54.6,19.0,25.8,6.99,-1.52,97950.0,38.7,6.7,3_coin
BTCUSD,coin,1,the5ers_hyper,30,1.5,ladder_balance,OOS,,395,10.4,0.0,0.0,18.7,70.9,22.5,26.5,6.47,-1.51,100239.0,18.7,6.8,3_coin
BTCUSD,coin,1,ftmo_p1,7,1.5,ladder_balance,IS,,390,0.0,0.0,0.0,0.0,100.0,,7.0,3.01,-1.11,99494.0,0.0,1.7,3_coin
BTCUSD,coin,1,ftmo_p1,7,1.5,ladder_balance,OOS,,395,0.3,0.0,0.0,0.0,99.7,6.7,6.9,2.91,-1.09,99943.0,0.0,1.8,3_coin
BTCUSD,coin,1,ftmo_p1,30,1.5,ladder_balance,IS,,390,3.6,0.0,0.0,1.3,95.1,19.4,29.7,7.35,-1.48,97793.0,1.3,7.4,3_coin
BTCUSD,coin,1,ftmo_p1,30,1.5,ladder_balance,OOS,,395,9.6,0.0,0.0,2.3,88.1,23.6,28.3,6.38,-1.44,99927.0,2.3,7.9,3_coin
BTCUSD,coin,2,ftmo_1step,7,1.5,ladder_balance,IS,,390,0.5,0.0,0.0,0.0,99.5,6.1,7.0,3.06,-1.16,99631.0,0.0,1.8,3_coin
BTCUSD,coin,2,ftmo_1step,7,1.5,ladder_balance,OOS,,395,0.3,0.0,0.0,0.0,99.7,6.5,6.9,2.96,-1.24,100380.0,0.0,2.0,3_coin
BTCUSD,coin,2,ftmo_1step,30,1.5,ladder_balance,IS,,390,2.3,0.0,0.0,13.3,84.4,9.6,29.1,7.2,-1.53,98184.0,13.3,7.5,3_coin
BTCUSD,coin,2,ftmo_1step,30,1.5,ladder_balance,OOS,,395,8.4,0.0,0.0,1.5,90.1,23.6,28.5,5.93,-1.57,101477.0,1.5,7.2,3_coin
BTCUSD,coin,2,fundingpips_1step,7,1.5,ladder_balance,IS,,390,0.5,0.0,0.0,0.0,99.5,6.1,7.0,3.06,-1.16,99631.0,0.0,2.0,3_coin
BTCUSD,coin,2,fundingpips_1step,7,1.5,ladder_balance,OOS,,395,0.3,0.0,0.0,0.0,99.7,6.5,6.9,2.96,-1.24,100380.0,0.0,1.9,3_coin
BTCUSD,coin,2,fundingpips_1step,30,1.5,ladder_balance,IS,,390,2.3,0.0,0.0,34.4,63.3,9.6,26.7,6.72,-1.49,98266.0,34.4,6.7,3_coin
BTCUSD,coin,2,fundingpips_1step,30,1.5,ladder_balance,OOS,,395,8.4,0.0,0.0,6.3,85.3,23.6,28.0,5.88,-1.56,101391.0,6.3,7.3,3_coin
BTCUSD,coin,2,e8_one_8,7,1.5,ladder_balance,IS,,390,0.3,0.0,0.0,0.0,99.7,5.6,7.0,3.06,-1.16,99631.0,0.0,1.7,3_coin
BTCUSD,coin,2,e8_one_8,7,1.5,ladder_balance,OOS,,395,0.0,0.0,0.0,0.0,100.0,,6.9,2.96,-1.24,100380.0,0.0,1.8,3_coin
BTCUSD,coin,2,e8_one_8,30,1.5,ladder_balance,IS,,390,1.3,0.0,0.0,37.2,61.5,14.5,27.4,6.74,-1.52,98375.0,37.2,6.9,3_coin
BTCUSD,coin,2,e8_one_8,30,1.5,ladder_balance,OOS,,395,4.6,0.0,0.0,8.4,87.1,24.5,28.5,5.91,-1.57,101428.0,8.4,7.1,3_coin
BTCUSD,coin,2,e8_one_14,7,1.5,ladder_balance,IS,,390,0.0,0.0,0.0,0.0,100.0,,7.0,3.06,-1.16,99626.0,0.0,2.0,3_coin
BTCUSD,coin,2,e8_one_14,7,1.5,ladder_balance,OOS,,395,0.0,0.0,0.0,0.0,100.0,,6.9,2.96,-1.24,100380.0,0.0,1.8,3_coin
BTCUSD,coin,2,e8_one_14,30,1.5,ladder_balance,IS,,390,0.0,0.0,0.0,0.0,100.0,,30.0,7.38,-1.54,98155.0,0.0,7.8,3_coin
BTCUSD,coin,2,e8_one_14,30,1.5,ladder_balance,OOS,,395,0.0,0.0,0.0,0.0,100.0,,29.2,6.01,-1.58,101347.0,0.0,7.6,3_coin
BTCUSD,coin,2,the5ers_hyper,7,1.5,ladder_balance,IS,,390,0.5,0.0,0.0,0.0,99.5,6.1,7.0,3.06,-1.16,99631.0,0.0,2.0,3_coin
BTCUSD,coin,2,the5ers_hyper,7,1.5,ladder_balance,OOS,,395,0.3,0.0,0.0,0.0,99.7,6.5,6.9,2.96,-1.24,100380.0,0.0,1.9,3_coin
BTCUSD,coin,2,the5ers_hyper,30,1.5,ladder_balance,IS,,390,2.3,0.0,0.0,34.4,63.3,9.6,26.7,6.72,-1.49,98266.0,34.4,6.4,3_coin
BTCUSD,coin,2,the5ers_hyper,30,1.5,ladder_balance,OOS,,395,8.4,0.0,0.0,6.3,85.3,23.6,28.0,5.88,-1.56,101391.0,6.3,6.7,3_coin
BTCUSD,coin,2,ftmo_p1,7,1.5,ladder_balance,IS,,390,0.5,0.0,0.0,0.0,99.5,6.1,7.0,2.97,-1.12,99621.0,0.0,1.8,3_coin
BTCUSD,coin,2,ftmo_p1,7,1.5,ladder_balance,OOS,,395,0.0,0.0,0.0,0.0,100.0,,6.9,2.76,-1.11,100297.0,0.0,1.8,3_coin
BTCUSD,coin,2,ftmo_p1,30,1.5,ladder_balance,IS,,390,1.8,0.0,0.0,2.1,96.2,8.6,29.7,7.12,-1.51,98058.0,2.1,7.0,3_coin
BTCUSD,coin,2,ftmo_p1,30,1.5,ladder_balance,OOS,,395,6.3,0.0,0.0,0.0,93.7,24.6,28.7,5.49,-1.48,101148.0,0.0,6.9,3_coin
BTCUSD,coin,3,ftmo_1step,7,1.5,ladder_balance,IS,,390,0.5,0.0,0.0,0.0,99.5,6.1,7.0,3.07,-1.18,99498.0,0.0,2.2,3_coin
BTCUSD,coin,3,ftmo_1step,7,1.5,ladder_balance,OOS,,395,2.0,0.0,0.0,0.0,98.0,5.3,6.9,2.94,-1.18,100089.0,0.0,2.2,3_coin
BTCUSD,coin,3,ftmo_1step,30,1.5,ladder_balance,IS,,390,1.3,0.0,0.0,9.7,89.0,7.6,29.5,7.14,-1.54,97575.0,9.7,8.4,3_coin
BTCUSD,coin,3,ftmo_1step,30,1.5,ladder_balance,OOS,,395,13.9,0.0,0.0,1.8,84.3,14.7,27.2,6.03,-1.51,100339.0,1.8,7.7,3_coin
BTCUSD,coin,3,fundingpips_1step,7,1.5,ladder_balance,IS,,390,0.5,0.0,0.0,0.0,99.5,6.1,7.0,3.07,-1.18,99498.0,0.0,1.9,3_coin
BTCUSD,coin,3,fundingpips_1step,7,1.5,ladder_balance,OOS,,395,2.0,0.0,0.0,0.0,98.0,5.3,6.9,2.94,-1.18,100089.0,0.0,1.9,3_coin
BTCUSD,coin,3,fundingpips_1step,30,1.5,ladder_balance,IS,,390,1.3,0.0,0.0,34.4,64.4,7.6,27.2,6.67,-1.5,97666.0,34.4,6.8,3_coin
BTCUSD,coin,3,fundingpips_1step,30,1.5,ladder_balance,OOS,,395,13.9,0.0,0.0,12.4,73.7,14.7,26.6,5.97,-1.5,100153.0,12.4,6.4,3_coin
BTCUSD,coin,3,e8_one_8,7,1.5,ladder_balance,IS,,390,0.3,0.0,0.0,0.0,99.7,5.6,7.0,3.07,-1.18,99498.0,0.0,1.8,3_coin
BTCUSD,coin,3,e8_one_8,7,1.5,ladder_balance,OOS,,395,1.0,0.0,0.0,0.0,99.0,5.7,6.9,2.95,-1.18,100086.0,0.0,1.8,3_coin
BTCUSD,coin,3,e8_one_8,30,1.5,ladder_balance,IS,,390,0.3,0.0,0.0,37.4,62.3,5.6,27.9,6.77,-1.53,97710.0,37.4,6.6,3_coin
BTCUSD,coin,3,e8_one_8,30,1.5,ladder_balance,OOS,,395,9.9,0.0,0.0,17.0,73.2,17.5,26.9,6.07,-1.52,100125.0,17.0,6.6,3_coin
BTCUSD,coin,3,e8_one_14,7,1.5,ladder_balance,IS,,390,0.0,0.0,0.0,0.0,100.0,,7.0,3.07,-1.19,99493.0,0.0,1.8,3_coin
BTCUSD,coin,3,e8_one_14,7,1.5,ladder_balance,OOS,,395,0.0,0.0,0.0,0.0,100.0,,6.9,2.96,-1.19,100072.0,0.0,1.9,3_coin
BTCUSD,coin,3,e8_one_14,30,1.5,ladder_balance,IS,,390,0.0,0.0,0.0,0.0,100.0,,30.0,7.29,-1.55,97459.0,0.0,7.8,3_coin
BTCUSD,coin,3,e8_one_14,30,1.5,ladder_balance,OOS,,395,0.3,0.0,0.0,0.0,99.7,25.5,29.2,6.46,-1.55,100298.0,0.0,7.7,3_coin
BTCUSD,coin,3,the5ers_hyper,7,1.5,ladder_balance,IS,,390,0.5,0.0,0.0,0.0,99.5,6.1,7.0,3.07,-1.18,99498.0,0.0,1.9,3_coin
BTCUSD,coin,3,the5ers_hyper,7,1.5,ladder_balance,OOS,,395,2.0,0.0,0.0,0.0,98.0,5.3,6.9,2.94,-1.18,100089.0,0.0,2.0,3_coin
BTCUSD,coin,3,the5ers_hyper,30,1.5,ladder_balance,IS,,390,1.3,0.0,0.0,34.4,64.4,7.6,27.2,6.67,-1.5,97666.0,34.4,6.8,3_coin
BTCUSD,coin,3,the5ers_hyper,30,1.5,ladder_balance,OOS,,395,13.9,0.0,0.0,12.4,73.7,14.7,26.6,5.97,-1.5,100153.0,12.4,6.4,3_coin
BTCUSD,coin,3,ftmo_p1,7,1.5,ladder_balance,IS,,390,0.0,0.0,0.0,0.0,100.0,,7.0,2.97,-1.11,99508.0,0.0,1.8,3_coin
BTCUSD,coin,3,ftmo_p1,7,1.5,ladder_balance,OOS,,395,0.5,0.0,0.0,0.0,99.5,5.6,6.9,2.82,-1.11,100014.0,0.0,1.7,3_coin
BTCUSD,coin,3,ftmo_p1,30,1.5,ladder_balance,IS,,390,0.0,0.0,0.0,0.0,100.0,,30.0,7.03,-1.46,97517.0,0.0,7.5,3_coin
BTCUSD,coin,3,ftmo_p1,30,1.5,ladder_balance,OOS,,395,10.4,0.0,0.0,0.0,89.6,16.5,27.9,5.81,-1.45,100120.0,0.0,6.9,3_coin
BTCUSD,coin,4,ftmo_1step,7,1.5,ladder_balance,IS,,390,1.0,0.0,0.0,0.0,99.0,5.5,7.0,3.18,-1.2,99698.0,0.0,1.8,3_coin
BTCUSD,coin,4,ftmo_1step,7,1.5,ladder_balance,OOS,,395,1.8,0.0,0.0,0.0,98.2,4.7,6.9,3.07,-1.14,99973.0,0.0,1.8,3_coin
BTCUSD,coin,4,ftmo_1step,30,1.5,ladder_balance,IS,,390,6.4,0.0,0.0,11.5,82.1,15.5,28.7,7.15,-1.53,98346.0,11.5,7.2,3_coin
BTCUSD,coin,4,ftmo_1step,30,1.5,ladder_balance,OOS,,395,14.2,0.0,0.0,11.6,74.2,17.7,26.9,6.78,-1.49,99888.0,11.6,6.8,3_coin
BTCUSD,coin,4,fundingpips_1step,7,1.5,ladder_balance,IS,,390,1.0,0.0,0.0,0.0,99.0,5.5,7.0,3.18,-1.2,99698.0,0.0,1.8,3_coin
BTCUSD,coin,4,fundingpips_1step,7,1.5,ladder_balance,OOS,,395,1.8,0.0,0.0,0.0,98.2,4.7,6.9,3.07,-1.14,99973.0,0.0,1.8,3_coin
BTCUSD,coin,4,fundingpips_1step,30,1.5,ladder_balance,IS,,390,6.4,0.0,0.0,32.1,61.5,15.5,26.5,6.59,-1.5,98759.0,32.1,6.9,3_coin
BTCUSD,coin,4,fundingpips_1step,30,1.5,ladder_balance,OOS,,395,14.2,0.0,0.0,30.1,55.7,17.7,24.8,6.32,-1.45,100014.0,30.1,6.3,3_coin
BTCUSD,coin,4,e8_one_8,7,1.5,ladder_balance,IS,,390,0.3,0.0,0.0,0.0,99.7,6.5,7.0,3.19,-1.21,99696.0,0.0,1.8,3_coin
BTCUSD,coin,4,e8_one_8,7,1.5,ladder_balance,OOS,,395,0.8,0.0,0.0,0.0,99.2,5.5,6.9,3.08,-1.14,99980.0,0.0,1.8,3_coin
BTCUSD,coin,4,e8_one_8,30,1.5,ladder_balance,IS,,390,3.3,0.0,0.0,35.1,61.5,15.5,27.5,6.76,-1.54,98633.0,35.1,6.5,3_coin
BTCUSD,coin,4,e8_one_8,30,1.5,ladder_balance,OOS,,395,10.9,0.0,0.0,30.4,58.7,17.6,26.2,6.47,-1.49,100110.0,30.4,6.4,3_coin
BTCUSD,coin,4,e8_one_14,7,1.5,ladder_balance,IS,,390,0.0,0.0,0.0,0.0,100.0,,7.0,3.19,-1.21,99696.0,0.0,1.8,3_coin
BTCUSD,coin,4,e8_one_14,7,1.5,ladder_balance,OOS,,395,0.0,0.0,0.0,0.0,100.0,,6.9,3.08,-1.15,99984.0,0.0,1.4,3_coin
BTCUSD,coin,4,e8_one_14,30,1.5,ladder_balance,IS,,390,0.0,0.0,0.0,0.0,100.0,,30.0,7.38,-1.56,98282.0,0.0,7.7,3_coin
BTCUSD,coin,4,e8_one_14,30,1.5,ladder_balance,OOS,,395,1.3,0.0,0.0,0.0,98.7,27.6,29.1,7.09,-1.55,100139.0,0.0,7.9,3_coin
BTCUSD,coin,4,the5ers_hyper,7,1.5,ladder_balance,IS,,390,1.0,0.0,0.0,0.0,99.0,5.5,7.0,3.18,-1.2,99698.0,0.0,2.1,3_coin
BTCUSD,coin,4,the5ers_hyper,7,1.5,ladder_balance,OOS,,395,1.8,0.0,0.0,0.0,98.2,4.7,6.9,3.07,-1.14,99973.0,0.0,2.0,3_coin
BTCUSD,coin,4,the5ers_hyper,30,1.5,ladder_balance,IS,,390,6.4,0.0,0.0,32.1,61.5,15.5,26.5,6.59,-1.5,98759.0,32.1,7.0,3_coin
BTCUSD,coin,4,the5ers_hyper,30,1.5,ladder_balance,OOS,,395,14.2,0.0,0.0,30.1,55.7,17.7,24.8,6.32,-1.45,100014.0,30.1,6.7,3_coin
BTCUSD,coin,4,ftmo_p1,7,1.5,ladder_balance,IS,,390,0.3,0.0,0.0,0.0,99.7,6.5,7.0,3.06,-1.13,99700.0,0.0,2.0,3_coin
BTCUSD,coin,4,ftmo_p1,7,1.5,ladder_balance,OOS,,395,1.3,0.0,0.0,0.0,98.7,5.6,6.9,2.87,-1.0,99990.0,0.0,1.9,3_coin
BTCUSD,coin,4,ftmo_p1,30,1.5,ladder_balance,IS,,390,6.2,0.0,0.0,1.5,92.3,21.7,29.4,7.01,-1.47,98446.0,1.5,7.8,3_coin
BTCUSD,coin,4,ftmo_p1,30,1.5,ladder_balance,OOS,,395,12.2,0.0,0.0,3.0,84.8,17.6,27.6,6.41,-1.31,99899.0,3.0,7.0,3_coin
XAUUSD,coin,1,ftmo_1step,7,2.8,fixed,IS,,1688,7.1,7.5,3.6,46.1,35.7,5.5,4.0,8.95,-2.83,98700.0,49.7,3.9,3_coin
XAUUSD,coin,1,ftmo_1step,7,2.8,fixed,OOS,,816,10.2,7.8,5.5,45.8,30.6,5.6,4.0,8.92,-2.83,99070.0,51.3,1.9,3_coin
XAUUSD,coin,1,ftmo_1step,30,2.8,fixed,IS,,1688,15.2,7.5,5.0,72.3,0.0,7.5,5.1,9.71,-2.84,98445.0,77.3,4.9,3_coin
XAUUSD,coin,1,ftmo_1step,30,2.8,fixed,OOS,,816,18.3,7.8,6.6,66.8,0.5,6.7,4.7,9.5,-2.84,98954.0,73.4,2.2,3_coin
XAUUSD,coin,1,fundingpips_1step,7,2.8,fixed,IS,,1688,15.7,0.0,3.3,49.2,31.8,3.6,3.8,8.54,-2.84,98837.0,52.5,3.5,3_coin
XAUUSD,coin,1,fundingpips_1step,7,2.8,fixed,OOS,,816,17.8,0.0,4.9,46.8,30.5,3.7,3.8,8.52,-2.83,99123.0,51.7,1.7,3_coin
XAUUSD,coin,1,fundingpips_1step,30,2.8,fixed,IS,,1688,26.6,0.0,5.5,66.7,1.2,5.8,5.4,9.74,-2.86,98544.0,72.2,5.0,3_coin
XAUUSD,coin,1,fundingpips_1step,30,2.8,fixed,OOS,,816,28.8,0.0,8.5,61.9,0.9,6.5,5.1,9.58,-2.85,99031.0,70.4,2.1,3_coin
XAUUSD,coin,1,e8_one_8,7,2.8,fixed,IS,,1688,7.1,0.0,0.0,72.1,20.8,4.6,3.6,8.25,-2.92,98579.0,72.1,3.5,3_coin
XAUUSD,coin,1,e8_one_8,7,2.8,fixed,OOS,,816,8.0,0.0,0.0,73.7,18.4,4.7,3.6,8.22,-2.9,98804.0,73.7,1.7,3_coin
XAUUSD,coin,1,e8_one_8,30,2.8,fixed,IS,,1688,9.9,0.0,0.0,90.1,0.0,5.6,4.1,8.59,-2.94,98226.0,90.1,3.8,3_coin
XAUUSD,coin,1,e8_one_8,30,2.8,fixed,OOS,,816,12.7,0.0,0.0,86.9,0.4,5.6,4.0,8.48,-2.9,98771.0,86.9,1.8,3_coin
XAUUSD,coin,1,e8_one_14,7,2.8,fixed,IS,,1688,0.8,0.0,0.0,19.8,79.3,6.0,4.8,10.33,-2.99,98680.0,19.8,5.0,3_coin
XAUUSD,coin,1,e8_one_14,7,2.8,fixed,OOS,,816,0.4,0.0,0.0,17.8,81.9,4.5,4.8,10.31,-2.99,99207.0,17.8,2.7,3_coin
XAUUSD,coin,1,e8_one_14,30,2.8,fixed,IS,,1688,9.4,0.0,0.0,84.1,6.5,14.6,10.1,13.97,-3.1,97068.0,84.1,10.0,3_coin
XAUUSD,coin,1,e8_one_14,30,2.8,fixed,OOS,,816,17.5,0.0,0.0,73.4,9.1,17.9,10.6,13.68,-3.07,100141.0,73.4,4.7,3_coin
XAUUSD,coin,1,the5ers_hyper,7,2.8,fixed,IS,,1688,15.7,0.0,3.3,49.2,31.8,4.2,3.8,8.54,-2.84,98837.0,52.5,3.7,3_coin
XAUUSD,coin,1,the5ers_hyper,7,2.8,fixed,OOS,,816,17.8,0.0,4.9,46.8,30.5,4.2,3.8,8.52,-2.83,99123.0,51.7,1.8,3_coin
XAUUSD,coin,1,the5ers_hyper,30,2.8,fixed,IS,,1688,26.6,0.0,5.5,66.7,1.2,5.8,5.4,9.74,-2.86,98544.0,72.2,5.0,3_coin
XAUUSD,coin,1,the5ers_hyper,30,2.8,fixed,OOS,,816,28.8,0.0,8.5,61.9,0.9,6.5,5.1,9.58,-2.85,99031.0,70.4,2.3,3_coin
XAUUSD,coin,1,ftmo_p1,7,2.8,fixed,IS,,1688,16.4,0.0,1.5,23.2,58.9,5.6,4.5,9.74,-2.88,98778.0,24.7,4.5,3_coin
XAUUSD,coin,1,ftmo_p1,7,2.8,fixed,OOS,,816,19.0,0.0,1.3,21.7,58.0,5.6,4.4,9.73,-2.88,99343.0,23.0,2.4,3_coin
XAUUSD,coin,1,ftmo_p1,30,2.8,fixed,IS,,1688,35.5,0.0,2.6,56.3,5.6,7.6,8.5,12.69,-2.94,98106.0,58.9,8.3,3_coin
XAUUSD,coin,1,ftmo_p1,30,2.8,fixed,OOS,,816,42.2,0.0,2.8,50.7,4.3,7.6,7.9,12.29,-2.96,99466.0,53.5,4.3,3_coin
XAUUSD,coin,2,ftmo_1step,7,2.8,fixed,IS,,1688,9.4,7.4,2.8,47.1,33.3,5.6,4.0,8.86,-2.83,98929.0,49.9,4.1,3_coin
XAUUSD,coin,2,ftmo_1step,7,2.8,fixed,OOS,,816,8.3,7.0,2.8,42.6,39.2,4.7,4.1,8.83,-2.82,99247.0,45.4,2.0,3_coin
XAUUSD,coin,2,ftmo_1step,30,2.8,fixed,IS,,1688,16.8,7.4,3.0,72.8,0.0,6.7,5.0,9.57,-2.84,98593.0,75.8,4.8,3_coin
XAUUSD,coin,2,ftmo_1step,30,2.8,fixed,OOS,,816,17.6,7.0,4.0,70.2,1.1,7.5,5.5,9.62,-2.83,98979.0,74.2,2.6,3_coin
XAUUSD,coin,2,fundingpips_1step,7,2.8,fixed,IS,,1688,17.1,0.0,2.5,49.6,30.7,3.7,3.8,8.46,-2.83,99056.0,52.1,3.8,3_coin
XAUUSD,coin,2,fundingpips_1step,7,2.8,fixed,OOS,,816,15.8,0.0,2.5,44.0,37.7,3.7,3.9,8.46,-2.82,99439.0,46.5,1.8,3_coin
XAUUSD,coin,2,fundingpips_1step,30,2.8,fixed,IS,,1688,28.3,0.0,2.8,68.1,0.8,6.5,5.4,9.7,-2.84,98715.0,70.9,5.1,3_coin
XAUUSD,coin,2,fundingpips_1step,30,2.8,fixed,OOS,,816,29.0,0.0,3.7,65.0,2.3,6.6,5.9,9.85,-2.83,99064.0,68.7,2.7,3_coin
XAUUSD,coin,2,e8_one_8,7,2.8,fixed,IS,,1688,7.5,0.0,0.0,72.3,20.2,4.5,3.6,8.14,-2.92,98764.0,72.3,3.4,3_coin
XAUUSD,coin,2,e8_one_8,7,2.8,fixed,OOS,,816,7.1,0.0,0.0,69.2,23.7,4.6,3.7,8.12,-2.89,99042.0,69.2,1.7,3_coin
XAUUSD,coin,2,e8_one_8,30,2.8,fixed,IS,,1688,11.3,0.0,0.0,88.7,0.0,5.7,4.1,8.45,-2.93,98614.0,88.7,3.8,3_coin
XAUUSD,coin,2,e8_one_8,30,2.8,fixed,OOS,,816,11.6,0.0,0.0,87.5,0.9,5.7,4.2,8.43,-2.89,98881.0,87.5,1.9,3_coin
XAUUSD,coin,2,e8_one_14,7,2.8,fixed,IS,,1688,0.7,0.0,0.0,19.0,80.4,5.5,4.9,10.3,-3.01,98892.0,19.0,4.7,3_coin
XAUUSD,coin,2,e8_one_14,7,2.8,fixed,OOS,,816,0.6,0.0,0.0,15.3,84.1,6.5,4.9,10.08,-2.96,99471.0,15.3,2.4,3_coin
XAUUSD,coin,2,e8_one_14,30,2.8,fixed,IS,,1688,10.4,0.0,0.0,82.9,6.6,15.6,10.4,14.01,-3.09,97635.0,82.9,9.7,3_coin
XAUUSD,coin,2,e8_one_14,30,2.8,fixed,OOS,,816,13.4,0.0,0.0,76.1,10.5,15.7,11.1,13.69,-3.05,98971.0,76.1,5.1,3_coin
XAUUSD,coin,2,the5ers_hyper,7,2.8,fixed,IS,,1688,17.1,0.0,2.5,49.6,30.7,4.2,3.8,8.46,-2.83,99056.0,52.1,3.6,3_coin
XAUUSD,coin,2,the5ers_hyper,7,2.8,fixed,OOS,,816,15.8,0.0,2.5,44.0,37.7,4.2,3.9,8.46,-2.82,99439.0,46.5,1.8,3_coin
XAUUSD,coin,2,the5ers_hyper,30,2.8,fixed,IS,,1688,28.3,0.0,2.8,68.1,0.8,6.5,5.4,9.7,-2.84,98715.0,70.9,5.0,3_coin
XAUUSD,coin,2,the5ers_hyper,30,2.8,fixed,OOS,,816,29.0,0.0,3.7,65.0,2.3,6.6,5.9,9.85,-2.83,99064.0,68.7,2.9,3_coin
XAUUSD,coin,2,ftmo_p1,7,2.8,fixed,IS,,1688,17.7,0.0,1.6,23.5,57.3,5.6,4.4,9.63,-2.87,99002.0,25.1,4.9,3_coin
XAUUSD,coin,2,ftmo_p1,7,2.8,fixed,OOS,,816,16.3,0.0,0.9,20.0,62.9,5.6,4.5,9.56,-2.85,99516.0,20.9,2.5,3_coin
XAUUSD,coin,2,ftmo_p1,30,2.8,fixed,IS,,1688,36.4,0.0,2.5,57.2,3.9,7.5,8.1,12.61,-2.91,98076.0,59.7,7.5,3_coin
XAUUSD,coin,2,ftmo_p1,30,2.8,fixed,OOS,,816,37.4,0.0,2.1,51.6,8.9,8.5,9.3,12.71,-2.9,98820.0,53.7,4.2,3_coin
BTCUSD,coin,5,ftmo_1step,7,1.5,ladder_balance,IS,,390,0.0,0.0,0.0,0.0,100.0,,7.0,2.98,-1.2,99418.0,0.0,1.9,3_coin
BTCUSD,coin,5,ftmo_1step,7,1.5,ladder_balance,OOS,,395,1.3,0.0,0.0,0.0,98.7,6.5,6.9,3.08,-1.21,100114.0,0.0,1.9,3_coin
BTCUSD,coin,5,ftmo_1step,30,1.5,ladder_balance,IS,,390,1.5,0.0,0.0,4.9,93.6,15.1,29.7,7.06,-1.54,97596.0,4.9,7.6,3_coin
BTCUSD,coin,5,ftmo_1step,30,1.5,ladder_balance,OOS,,395,13.7,0.0,0.0,6.6,79.7,16.7,27.2,6.41,-1.52,100959.0,6.6,6.9,3_coin
BTCUSD,coin,5,fundingpips_1step,7,1.5,ladder_balance,IS,,390,0.0,0.0,0.0,0.0,100.0,,7.0,2.98,-1.2,99418.0,0.0,1.8,3_coin
BTCUSD,coin,5,fundingpips_1step,7,1.5,ladder_balance,OOS,,395,1.3,0.0,0.0,0.0,98.7,6.5,6.9,3.08,-1.21,100114.0,0.0,1.8,3_coin
BTCUSD,coin,5,fundingpips_1step,30,1.5,ladder_balance,IS,,390,1.5,0.0,0.0,33.3,65.1,15.1,27.7,6.65,-1.51,97561.0,33.3,6.9,3_coin
BTCUSD,coin,5,fundingpips_1step,30,1.5,ladder_balance,OOS,,395,13.7,0.0,0.0,21.8,64.6,16.7,25.7,6.08,-1.49,100897.0,21.8,6.3,3_coin
BTCUSD,coin,5,e8_one_8,7,1.5,ladder_balance,IS,,390,0.0,0.0,0.0,0.0,100.0,,7.0,2.98,-1.2,99418.0,0.0,1.7,3_coin
BTCUSD,coin,5,e8_one_8,7,1.5,ladder_balance,OOS,,395,0.3,0.0,0.0,0.0,99.7,6.7,6.9,3.08,-1.21,100105.0,0.0,1.7,3_coin
BTCUSD,coin,5,e8_one_8,30,1.5,ladder_balance,IS,,390,1.3,0.0,0.0,29.2,69.5,25.6,28.6,6.77,-1.54,97627.0,29.2,7.4,3_coin
BTCUSD,coin,5,e8_one_8,30,1.5,ladder_balance,OOS,,395,8.1,0.0,0.0,24.6,67.3,24.6,27.1,6.23,-1.52,100772.0,24.6,6.8,3_coin
BTCUSD,coin,5,e8_one_14,7,1.5,ladder_balance,IS,,390,0.0,0.0,0.0,0.0,100.0,,7.0,2.98,-1.2,99418.0,0.0,2.0,3_coin
BTCUSD,coin,5,e8_one_14,7,1.5,ladder_balance,OOS,,395,0.0,0.0,0.0,0.0,100.0,,6.9,3.08,-1.21,100105.0,0.0,2.0,3_coin
BTCUSD,coin,5,e8_one_14,30,1.5,ladder_balance,IS,,390,0.0,0.0,0.0,0.0,100.0,,30.0,7.08,-1.55,97615.0,0.0,8.2,3_coin
BTCUSD,coin,5,e8_one_14,30,1.5,ladder_balance,OOS,,395,0.0,0.0,0.0,0.0,100.0,,29.2,6.71,-1.55,100618.0,0.0,7.7,3_coin
BTCUSD,coin,5,the5ers_hyper,7,1.5,ladder_balance,IS,,390,0.0,0.0,0.0,0.0,100.0,,7.0,2.98,-1.2,99418.0,0.0,2.0,3_coin
BTCUSD,coin,5,the5ers_hyper,7,1.5,ladder_balance,OOS,,395,1.3,0.0,0.0,0.0,98.7,6.5,6.9,3.08,-1.21,100114.0,0.0,1.8,3_coin
BTCUSD,coin,5,the5ers_hyper,30,1.5,ladder_balance,IS,,390,1.5,0.0,0.0,33.3,65.1,15.1,27.7,6.65,-1.51,97561.0,33.3,6.6,3_coin
BTCUSD,coin,5,the5ers_hyper,30,1.5,ladder_balance,OOS,,395,13.7,0.0,0.0,21.8,64.6,16.7,25.7,6.08,-1.49,100897.0,21.8,6.5,3_coin
BTCUSD,coin,5,ftmo_p1,7,1.5,ladder_balance,IS,,390,0.0,0.0,0.0,0.0,100.0,,7.0,2.82,-1.09,99531.0,0.0,1.8,3_coin
BTCUSD,coin,5,ftmo_p1,7,1.5,ladder_balance,OOS,,395,0.8,0.0,0.0,0.0,99.2,6.6,6.9,2.89,-1.1,100114.0,0.0,1.8,3_coin
BTCUSD,coin,5,ftmo_p1,30,1.5,ladder_balance,IS,,390,1.5,0.0,0.0,0.0,98.5,15.1,29.8,6.63,-1.47,98055.0,0.0,7.8,3_coin
BTCUSD,coin,5,ftmo_p1,30,1.5,ladder_balance,OOS,,395,12.2,0.0,0.0,0.8,87.1,20.2,27.9,6.14,-1.44,100972.0,0.8,7.9,3_coin
XAUUSD,coin,3,ftmo_1step,7,2.8,fixed,IS,,1688,8.2,7.6,3.6,46.1,34.4,5.6,4.1,8.95,-2.82,98748.0,49.7,3.9,3_coin
XAUUSD,coin,3,ftmo_1step,7,2.8,fixed,OOS,,816,6.4,7.1,6.2,52.1,28.2,5.5,3.9,9.11,-2.85,97752.0,58.3,1.8,3_coin
XAUUSD,coin,3,ftmo_1step,30,2.8,fixed,IS,,1688,13.2,7.6,5.3,73.9,0.0,6.6,5.2,9.78,-2.84,98167.0,79.2,4.7,3_coin
XAUUSD,coin,3,ftmo_1step,30,2.8,fixed,OOS,,816,11.0,7.1,7.6,73.7,0.6,6.7,4.6,9.72,-2.86,97216.0,81.3,2.3,3_coin
XAUUSD,coin,3,fundingpips_1step,7,2.8,fixed,IS,,1688,16.1,0.0,3.3,51.6,29.0,3.6,3.8,8.42,-2.83,98698.0,54.9,3.5,3_coin
XAUUSD,coin,3,fundingpips_1step,7,2.8,fixed,OOS,,816,14.7,0.0,5.3,53.9,26.1,3.6,3.7,8.51,-2.85,98056.0,59.2,1.7,3_coin
XAUUSD,coin,3,fundingpips_1step,30,2.8,fixed,IS,,1688,25.2,0.0,4.9,69.1,0.8,5.7,5.2,9.74,-2.85,98230.0,74.0,4.9,3_coin
XAUUSD,coin,3,fundingpips_1step,30,2.8,fixed,OOS,,816,20.5,0.0,7.7,71.0,0.9,5.4,4.8,9.6,-2.87,97332.0,78.7,2.1,3_coin
XAUUSD,coin,3,e8_one_8,7,2.8,fixed,IS,,1688,7.5,0.0,0.0,72.6,19.9,5.5,3.6,8.18,-2.9,98511.0,72.6,3.4,3_coin
XAUUSD,coin,3,e8_one_8,7,2.8,fixed,OOS,,816,5.4,0.0,0.0,77.5,17.2,3.6,3.5,8.29,-2.95,97839.0,77.5,1.6,3_coin
XAUUSD,coin,3,e8_one_8,30,2.8,fixed,IS,,1688,10.4,0.0,0.0,89.6,0.0,5.6,4.1,8.49,-2.91,98235.0,89.6,3.6,3_coin
XAUUSD,coin,3,e8_one_8,30,2.8,fixed,OOS,,816,8.7,0.0,0.0,91.1,0.2,5.5,3.9,8.57,-2.95,97644.0,91.1,1.8,3_coin
XAUUSD,coin,3,e8_one_14,7,2.8,fixed,IS,,1688,0.6,0.0,0.0,19.3,80.1,5.0,4.9,10.36,-2.99,98542.0,19.3,4.0,3_coin
XAUUSD,coin,3,e8_one_14,7,2.8,fixed,OOS,,816,0.5,0.0,0.0,22.8,76.7,4.5,4.8,10.75,-3.03,97623.0,22.8,2.5,3_coin
XAUUSD,coin,3,e8_one_14,30,2.8,fixed,IS,,1688,6.6,0.0,0.0,89.3,4.0,13.6,10.0,14.35,-3.05,95952.0,89.3,9.4,3_coin
XAUUSD,coin,3,e8_one_14,30,2.8,fixed,OOS,,816,6.0,0.0,0.0,88.5,5.5,15.5,9.6,14.29,-3.17,94755.0,88.5,4.6,3_coin
XAUUSD,coin,3,the5ers_hyper,7,2.8,fixed,IS,,1688,16.1,0.0,3.3,51.6,29.0,4.2,3.8,8.42,-2.83,98698.0,54.9,4.0,3_coin
XAUUSD,coin,3,the5ers_hyper,7,2.8,fixed,OOS,,816,14.7,0.0,5.3,53.9,26.1,4.2,3.7,8.51,-2.85,98056.0,59.2,1.9,3_coin
XAUUSD,coin,3,the5ers_hyper,30,2.8,fixed,IS,,1688,25.2,0.0,4.9,69.1,0.8,5.7,5.2,9.74,-2.85,98230.0,74.0,5.1,3_coin
XAUUSD,coin,3,the5ers_hyper,30,2.8,fixed,OOS,,816,20.5,0.0,7.7,71.0,0.9,5.4,4.8,9.6,-2.87,97332.0,78.7,2.2,3_coin
XAUUSD,coin,3,ftmo_p1,7,2.8,fixed,IS,,1688,17.2,0.0,0.9,23.8,58.2,5.6,4.4,9.69,-2.86,98793.0,24.7,4.7,3_coin
XAUUSD,coin,3,ftmo_p1,7,2.8,fixed,OOS,,816,15.4,0.0,2.3,29.3,52.9,5.6,4.4,9.97,-2.91,98008.0,31.6,2.4,3_coin
XAUUSD,coin,3,ftmo_p1,30,2.8,fixed,IS,,1688,34.8,0.0,1.6,59.1,4.4,7.4,8.3,12.87,-2.91,97723.0,60.7,8.4,3_coin
XAUUSD,coin,3,ftmo_p1,30,2.8,fixed,OOS,,816,26.2,0.0,5.4,63.4,5.0,6.5,7.8,12.93,-3.03,95932.0,68.8,3.8,3_coin
XAUUSD,coin,4,ftmo_1step,7,2.8,fixed,IS,,1688,8.1,7.5,3.3,45.4,35.7,5.5,4.1,8.88,-2.84,98679.0,48.7,4.5,3_coin
XAUUSD,coin,4,ftmo_1step,7,2.8,fixed,OOS,,816,6.1,6.4,4.3,48.9,34.3,5.6,4.1,9.12,-2.84,98125.0,53.2,2.0,3_coin
XAUUSD,coin,4,ftmo_1step,30,2.8,fixed,IS,,1688,14.2,7.6,4.4,73.8,0.0,6.6,5.1,9.69,-2.85,98019.0,78.2,5.1,3_coin
XAUUSD,coin,4,ftmo_1step,30,2.8,fixed,OOS,,816,9.7,6.5,5.0,77.8,1.0,6.5,5.2,9.89,-2.85,97308.0,82.8,2.9,3_coin
XAUUSD,coin,4,fundingpips_1step,7,2.8,fixed,IS,,1688,15.9,0.0,3.3,50.1,30.7,3.6,3.8,8.4,-2.84,98790.0,53.4,3.9,3_coin
XAUUSD,coin,4,fundingpips_1step,7,2.8,fixed,OOS,,816,13.5,0.0,3.7,49.0,33.8,3.7,3.8,8.65,-2.85,98326.0,52.7,1.9,3_coin
XAUUSD,coin,4,fundingpips_1step,30,2.8,fixed,IS,,1688,25.2,0.0,4.9,69.5,0.4,5.6,5.2,9.66,-2.85,98204.0,74.4,5.4,3_coin
XAUUSD,coin,4,fundingpips_1step,30,2.8,fixed,OOS,,816,19.9,0.0,5.3,73.2,1.7,5.6,5.5,10.13,-2.86,97284.0,78.5,2.7,3_coin
XAUUSD,coin,4,e8_one_8,7,2.8,fixed,IS,,1688,7.6,0.0,0.0,71.3,21.1,4.6,3.6,8.12,-2.92,98589.0,71.3,3.9,3_coin
XAUUSD,coin,4,e8_one_8,7,2.8,fixed,OOS,,816,5.1,0.0,0.0,74.9,20.0,4.7,3.6,8.28,-2.89,98146.0,74.9,1.7,3_coin
XAUUSD,coin,4,e8_one_8,30,2.8,fixed,IS,,1688,11.1,0.0,0.0,88.9,0.0,5.6,4.1,8.46,-2.93,98317.0,88.9,4.2,3_coin
XAUUSD,coin,4,e8_one_8,30,2.8,fixed,OOS,,816,7.2,0.0,0.0,92.6,0.1,5.6,4.1,8.62,-2.9,97758.0,92.6,2.0,3_coin
XAUUSD,coin,4,e8_one_14,7,2.8,fixed,IS,,1688,0.7,0.0,0.0,18.1,81.2,5.6,4.9,10.22,-3.01,98704.0,18.1,5.0,3_coin
XAUUSD,coin,4,e8_one_14,7,2.8,fixed,OOS,,816,0.1,0.0,0.0,19.1,80.8,3.5,4.9,10.46,-2.97,98327.0,19.1,2.4,3_coin
XAUUSD,coin,4,e8_one_14,30,2.8,fixed,IS,,1688,10.4,0.0,0.0,85.0,4.7,14.9,10.2,14.08,-3.11,96636.0,85.0,10.0,3_coin
XAUUSD,coin,4,e8_one_14,30,2.8,fixed,OOS,,816,4.4,0.0,0.0,89.7,5.9,13.1,10.1,14.22,-3.0,95146.0,89.7,4.5,3_coin
XAUUSD,coin,4,the5ers_hyper,7,2.8,fixed,IS,,1688,15.9,0.0,3.3,50.1,30.7,4.2,3.8,8.4,-2.84,98790.0,53.4,4.0,3_coin
XAUUSD,coin,4,the5ers_hyper,7,2.8,fixed,OOS,,816,13.5,0.0,3.7,49.0,33.8,4.2,3.8,8.65,-2.85,98326.0,52.7,1.8,3_coin
XAUUSD,coin,4,the5ers_hyper,30,2.8,fixed,IS,,1688,25.2,0.0,4.9,69.5,0.4,5.6,5.2,9.66,-2.85,98204.0,74.4,4.9,3_coin
XAUUSD,coin,4,the5ers_hyper,30,2.8,fixed,OOS,,816,19.9,0.0,5.3,73.2,1.7,5.6,5.5,10.13,-2.86,97284.0,78.5,2.7,3_coin
XAUUSD,coin,4,ftmo_p1,7,2.8,fixed,IS,,1688,16.5,0.0,1.5,23.5,58.4,5.6,4.5,9.6,-2.89,98749.0,25.0,4.4,3_coin
XAUUSD,coin,4,ftmo_p1,7,2.8,fixed,OOS,,816,15.0,0.0,0.6,23.4,61.0,5.6,4.5,9.9,-2.89,98437.0,24.0,2.3,3_coin
XAUUSD,coin,4,ftmo_p1,30,2.8,fixed,IS,,1688,32.6,0.0,3.1,61.0,3.3,6.7,8.1,12.71,-2.95,97165.0,64.1,8.1,3_coin
XAUUSD,coin,4,ftmo_p1,30,2.8,fixed,OOS,,816,27.6,0.0,1.0,65.6,5.9,6.6,8.5,13.52,-2.93,96057.0,66.6,4.0,3_coin
XAUUSD,coin,5,ftmo_1step,7,2.8,fixed,IS,,1688,9.5,7.5,3.4,47.1,32.5,5.6,4.0,8.87,-2.83,98974.0,50.5,4.4,3_coin
XAUUSD,coin,5,ftmo_1step,7,2.8,fixed,OOS,,816,7.7,7.2,2.8,48.8,33.5,4.7,4.1,8.99,-2.83,98696.0,51.6,2.1,3_coin
XAUUSD,coin,5,ftmo_1step,30,2.8,fixed,IS,,1688,16.6,7.5,3.9,72.0,0.1,6.6,4.9,9.57,-2.84,98685.0,75.9,5.0,3_coin
XAUUSD,coin,5,ftmo_1step,30,2.8,fixed,OOS,,816,15.3,7.4,3.6,72.9,0.9,6.9,5.1,9.67,-2.84,98363.0,76.5,2.5,3_coin
XAUUSD,coin,5,fundingpips_1step,7,2.8,fixed,IS,,1688,17.3,0.0,3.0,50.2,29.4,3.6,3.8,8.5,-2.83,98967.0,53.2,4.0,3_coin
XAUUSD,coin,5,fundingpips_1step,7,2.8,fixed,OOS,,816,16.1,0.0,2.8,47.8,33.3,3.6,3.8,8.52,-2.83,98990.0,50.6,2.0,3_coin
XAUUSD,coin,5,fundingpips_1step,30,2.8,fixed,IS,,1688,27.3,0.0,4.1,68.1,0.4,5.7,5.1,9.7,-2.84,98595.0,72.2,5.3,3_coin
XAUUSD,coin,5,fundingpips_1step,30,2.8,fixed,OOS,,816,28.3,0.0,3.2,66.4,2.1,6.5,5.5,9.8,-2.84,98828.0,69.6,2.7,3_coin
XAUUSD,coin,5,e8_one_8,7,2.8,fixed,IS,,1688,7.7,0.0,0.0,71.8,20.5,4.6,3.6,8.13,-2.91,98853.0,71.8,3.8,3_coin
XAUUSD,coin,5,e8_one_8,7,2.8,fixed,OOS,,816,6.9,0.0,0.0,73.4,19.7,4.6,3.6,8.2,-2.92,98526.0,73.4,1.7,3_coin
XAUUSD,coin,5,e8_one_8,30,2.8,fixed,IS,,1688,12.3,0.0,0.0,87.7,0.0,5.8,4.1,8.45,-2.93,98801.0,87.7,4.4,3_coin
XAUUSD,coin,5,e8_one_8,30,2.8,fixed,OOS,,816,10.7,0.0,0.0,89.1,0.2,5.5,4.1,8.51,-2.92,98338.0,89.1,2.0,3_coin
XAUUSD,coin,5,e8_one_14,7,2.8,fixed,IS,,1688,0.8,0.0,0.0,18.5,80.6,5.6,4.9,10.3,-2.98,98955.0,18.5,5.0,3_coin
XAUUSD,coin,5,e8_one_14,7,2.8,fixed,OOS,,816,0.4,0.0,0.0,19.6,80.0,5.5,4.9,10.39,-2.98,98720.0,19.6,2.2,3_coin
XAUUSD,coin,5,e8_one_14,30,2.8,fixed,IS,,1688,11.3,0.0,0.0,83.7,5.0,14.8,10.2,13.97,-3.06,97530.0,83.7,10.0,3_coin
XAUUSD,coin,5,e8_one_14,30,2.8,fixed,OOS,,816,7.4,0.0,0.0,86.0,6.6,14.6,10.3,14.13,-3.03,97064.0,86.0,5.0,3_coin
XAUUSD,coin,5,the5ers_hyper,7,2.8,fixed,IS,,1688,17.3,0.0,3.0,50.2,29.4,4.2,3.8,8.5,-2.83,98967.0,53.2,3.8,3_coin
XAUUSD,coin,5,the5ers_hyper,7,2.8,fixed,OOS,,816,16.1,0.0,2.8,47.8,33.3,4.2,3.8,8.52,-2.83,98990.0,50.6,1.7,3_coin
XAUUSD,coin,5,the5ers_hyper,30,2.8,fixed,IS,,1688,27.3,0.0,4.1,68.1,0.4,5.7,5.1,9.7,-2.84,98595.0,72.2,4.8,3_coin
XAUUSD,coin,5,the5ers_hyper,30,2.8,fixed,OOS,,816,28.3,0.0,3.2,66.4,2.1,6.5,5.5,9.8,-2.84,98828.0,69.6,2.7,3_coin
XAUUSD,coin,5,ftmo_p1,7,2.8,fixed,IS,,1688,18.0,0.0,0.7,23.8,57.6,5.6,4.4,9.71,-2.86,99008.0,24.5,4.8,3_coin
XAUUSD,coin,5,ftmo_p1,7,2.8,fixed,OOS,,816,17.0,0.0,1.5,25.0,56.5,5.6,4.4,9.77,-2.86,98915.0,26.5,2.2,3_coin
XAUUSD,coin,5,ftmo_p1,30,2.8,fixed,IS,,1688,36.7,0.0,2.0,58.2,3.1,7.5,7.9,12.68,-2.92,98070.0,60.2,7.9,3_coin
XAUUSD,coin,5,ftmo_p1,30,2.8,fixed,OOS,,816,38.7,0.0,2.3,52.8,6.1,7.9,8.3,12.68,-2.89,98802.0,55.1,3.9,3_coin
XAUUSD,coin,1,ftmo_1step,7,2.0,ladder,IS,,1688,0.5,0.0,0.0,0.0,99.5,6.6,4.9,2.66,-1.07,99753.0,0.0,5.6,3_coin
XAUUSD,coin,1,ftmo_1step,7,2.0,ladder,OOS,,816,0.2,0.0,0.0,0.0,99.8,5.6,4.9,2.64,-1.08,99793.0,0.0,2.7,3_coin
XAUUSD,coin,1,ftmo_1step,30,2.0,ladder,IS,,1688,7.8,0.0,0.0,3.3,89.0,16.6,20.7,6.41,-1.66,99006.0,3.3,20.7,3_coin
XAUUSD,coin,1,ftmo_1step,30,2.0,ladder,OOS,,816,3.4,0.0,0.0,2.1,94.5,20.0,20.9,6.28,-1.67,99052.0,2.1,10.6,3_coin
XAUUSD,coin,1,fundingpips_1step,7,2.0,ladder,IS,,1688,0.5,0.0,0.0,0.0,99.5,6.6,4.9,2.66,-1.07,99753.0,0.0,5.3,3_coin
XAUUSD,coin,1,fundingpips_1step,7,2.0,ladder,OOS,,816,0.2,0.0,0.0,0.0,99.8,5.6,4.9,2.64,-1.08,99793.0,0.0,3.0,3_coin
XAUUSD,coin,1,fundingpips_1step,30,2.0,ladder,IS,,1688,7.6,0.0,0.0,18.8,73.6,16.4,20.0,6.18,-1.64,99064.0,18.8,20.0,3_coin
XAUUSD,coin,1,fundingpips_1step,30,2.0,ladder,OOS,,816,3.4,0.0,0.0,22.1,74.5,20.0,20.1,6.05,-1.64,99093.0,22.1,9.3,3_coin
XAUUSD,coin,1,e8_one_8,7,2.0,ladder,IS,,1688,0.4,0.0,0.0,0.0,99.6,6.5,4.9,2.66,-1.07,99753.0,0.0,5.1,3_coin
XAUUSD,coin,1,e8_one_8,7,2.0,ladder,OOS,,816,0.1,0.0,0.0,0.0,99.9,4.5,4.9,2.64,-1.08,99793.0,0.0,2.5,3_coin
XAUUSD,coin,1,e8_one_8,30,2.0,ladder,IS,,1688,3.9,0.0,0.0,17.8,78.4,15.8,20.6,6.32,-1.68,98945.0,17.8,19.7,3_coin
XAUUSD,coin,1,e8_one_8,30,2.0,ladder,OOS,,816,2.5,0.0,0.0,18.0,79.5,18.0,20.6,6.13,-1.66,99122.0,18.0,9.8,3_coin
XAUUSD,coin,1,e8_one_14,7,2.0,ladder,IS,,1688,0.0,0.0,0.0,0.0,100.0,,4.9,2.66,-1.07,99753.0,0.0,5.1,3_coin
XAUUSD,coin,1,e8_one_14,7,2.0,ladder,OOS,,816,0.0,0.0,0.0,0.0,100.0,,4.9,2.64,-1.08,99793.0,0.0,2.6,3_coin
XAUUSD,coin,1,e8_one_14,30,2.0,ladder,IS,,1688,0.2,0.0,0.0,0.0,99.8,11.1,21.5,6.6,-1.7,98851.0,0.0,21.3,3_coin
XAUUSD,coin,1,e8_one_14,30,2.0,ladder,OOS,,816,0.0,0.0,0.0,0.0,100.0,,21.2,6.32,-1.68,98999.0,0.0,10.0,3_coin
XAUUSD,coin,1,the5ers_hyper,7,2.0,ladder,IS,,1688,0.5,0.0,0.0,0.0,99.5,6.6,4.9,2.66,-1.07,99753.0,0.0,5.2,3_coin
XAUUSD,coin,1,the5ers_hyper,7,2.0,ladder,OOS,,816,0.2,0.0,0.0,0.0,99.8,5.6,4.9,2.64,-1.08,99793.0,0.0,2.3,3_coin
XAUUSD,coin,1,the5ers_hyper,30,2.0,ladder,IS,,1688,7.6,0.0,0.0,18.8,73.6,16.4,20.0,6.18,-1.64,99064.0,18.8,12.9,3_coin
XAUUSD,coin,1,the5ers_hyper,30,2.0,ladder,OOS,,816,3.4,0.0,0.0,22.1,74.5,20.0,20.1,6.05,-1.64,99093.0,22.1,6.3,3_coin
XAUUSD,coin,1,ftmo_p1,7,2.0,ladder,IS,,1688,0.5,0.0,0.0,0.0,99.5,6.6,4.9,2.66,-1.07,99753.0,0.0,3.4,3_coin
XAUUSD,coin,1,ftmo_p1,7,2.0,ladder,OOS,,816,0.2,0.0,0.0,0.0,99.8,6.1,4.9,2.64,-1.08,99793.0,0.0,1.7,3_coin
XAUUSD,coin,1,ftmo_p1,30,2.0,ladder,IS,,1688,7.8,0.0,0.0,0.8,91.4,16.6,20.8,6.44,-1.66,98988.0,0.8,13.6,3_coin
XAUUSD,coin,1,ftmo_p1,30,2.0,ladder,OOS,,816,3.4,0.0,0.0,0.1,96.4,20.0,21.0,6.28,-1.67,99051.0,0.1,6.5,3_coin
XAUUSD,coin,2,ftmo_1step,7,2.0,ladder,IS,,1688,0.3,0.0,0.1,0.0,99.6,6.7,5.0,2.66,-1.07,99765.0,0.1,5.1,3_coin
XAUUSD,coin,2,ftmo_1step,7,2.0,ladder,OOS,,816,0.5,0.0,0.0,0.2,99.3,6.6,4.9,2.64,-1.07,99791.0,0.2,2.5,3_coin
XAUUSD,coin,2,ftmo_1step,30,2.0,ladder,IS,,1688,5.1,0.3,0.9,2.7,91.0,17.2,20.9,6.48,-1.71,98941.0,3.6,21.2,3_coin
XAUUSD,coin,2,ftmo_1step,30,2.0,ladder,OOS,,816,6.5,0.0,0.0,4.7,88.8,17.4,20.5,6.32,-1.62,99081.0,4.7,9.5,3_coin
XAUUSD,coin,2,fundingpips_1step,7,2.0,ladder,IS,,1688,0.3,0.0,0.1,0.0,99.6,6.7,5.0,2.66,-1.07,99765.0,0.1,5.4,3_coin
XAUUSD,coin,2,fundingpips_1step,7,2.0,ladder,OOS,,816,0.7,0.0,0.0,0.0,99.3,6.6,4.9,2.64,-1.07,99807.0,0.0,2.4,3_coin
XAUUSD,coin,2,fundingpips_1step,30,2.0,ladder,IS,,1688,5.4,0.0,0.9,20.0,73.7,16.5,20.2,6.27,-1.68,98923.0,20.9,19.6,3_coin
XAUUSD,coin,2,fundingpips_1step,30,2.0,ladder,OOS,,816,8.8,0.0,0.0,16.7,74.5,17.1,19.9,6.14,-1.6,99260.0,16.7,9.3,3_coin
XAUUSD,coin,2,e8_one_8,7,2.0,ladder,IS,,1688,0.2,0.0,0.0,0.0,99.8,6.7,5.0,2.66,-1.07,99765.0,0.0,5.1,3_coin
XAUUSD,coin,2,e8_one_8,7,2.0,ladder,OOS,,816,0.1,0.0,0.0,0.2,99.6,6.7,4.9,2.64,-1.07,99791.0,0.2,2.5,3_coin
XAUUSD,coin,2,e8_one_8,30,2.0,ladder,IS,,1688,3.4,0.0,0.0,20.3,76.3,21.4,20.7,6.41,-1.72,98924.0,20.3,19.8,3_coin
XAUUSD,coin,2,e8_one_8,30,2.0,ladder,OOS,,816,3.2,0.0,0.0,18.1,78.7,19.5,20.3,6.21,-1.63,99060.0,18.1,9.7,3_coin
XAUUSD,coin,2,e8_one_14,7,2.0,ladder,IS,,1688,0.0,0.0,0.0,0.0,100.0,,5.0,2.66,-1.07,99765.0,0.0,5.0,3_coin
XAUUSD,coin,2,e8_one_14,7,2.0,ladder,OOS,,816,0.0,0.0,0.0,0.0,100.0,,4.9,2.64,-1.07,99807.0,0.0,2.6,3_coin
XAUUSD,coin,2,e8_one_14,30,2.0,ladder,IS,,1688,0.0,0.0,0.0,0.0,100.0,,21.5,6.62,-1.74,98831.0,0.0,20.2,3_coin
XAUUSD,coin,2,e8_one_14,30,2.0,ladder,OOS,,816,0.0,0.0,0.0,0.0,100.0,,21.3,6.39,-1.66,99122.0,0.0,6.6,3_coin
XAUUSD,coin,2,the5ers_hyper,7,2.0,ladder,IS,,1688,0.3,0.0,0.1,0.0,99.6,6.7,5.0,2.66,-1.07,99765.0,0.1,3.3,3_coin
XAUUSD,coin,2,the5ers_hyper,7,2.0,ladder,OOS,,816,0.7,0.0,0.0,0.0,99.3,6.6,4.9,2.64,-1.07,99807.0,0.0,1.6,3_coin
XAUUSD,coin,2,the5ers_hyper,30,2.0,ladder,IS,,1688,5.4,0.0,0.9,20.0,73.7,16.5,20.2,6.27,-1.68,98923.0,20.9,12.8,3_coin
XAUUSD,coin,2,the5ers_hyper,30,2.0,ladder,OOS,,816,8.8,0.0,0.0,16.7,74.5,17.1,19.9,6.14,-1.6,99260.0,16.7,6.5,3_coin
XAUUSD,coin,2,ftmo_p1,7,2.0,ladder,IS,,1688,0.3,0.0,0.0,0.0,99.7,6.7,5.0,2.66,-1.07,99765.0,0.0,3.0,3_coin
XAUUSD,coin,2,ftmo_p1,7,2.0,ladder,OOS,,816,0.7,0.0,0.0,0.0,99.3,6.6,4.9,2.64,-1.07,99807.0,0.0,1.6,3_coin
XAUUSD,coin,2,ftmo_p1,30,2.0,ladder,IS,,1688,5.4,0.0,0.0,0.3,94.3,16.5,21.1,6.52,-1.71,98946.0,0.3,13.0,3_coin
XAUUSD,coin,2,ftmo_p1,30,2.0,ladder,OOS,,816,8.8,0.0,0.0,0.5,90.7,17.1,20.6,6.33,-1.62,99190.0,0.5,6.4,3_coin
XAUUSD,coin,3,ftmo_1step,7,2.0,ladder,IS,,1688,0.2,0.0,0.0,0.0,99.8,6.8,4.9,2.65,-1.06,99731.0,0.0,4.9,3_coin
XAUUSD,coin,3,ftmo_1step,7,2.0,ladder,OOS,,816,0.1,0.0,0.0,0.0,99.9,6.5,4.9,2.67,-1.04,99488.0,0.0,2.5,3_coin
XAUUSD,coin,3,ftmo_1step,30,2.0,ladder,IS,,1688,5.9,0.0,0.0,1.8,92.4,15.6,20.9,6.47,-1.7,98748.0,1.8,19.4,3_coin
XAUUSD,coin,3,ftmo_1step,30,2.0,ladder,OOS,,816,2.9,0.0,0.0,4.5,92.5,17.0,20.9,6.7,-1.67,97720.0,4.5,9.7,3_coin
XAUUSD,coin,3,fundingpips_1step,7,2.0,ladder,IS,,1688,0.2,0.0,0.0,0.0,99.8,6.8,4.9,2.65,-1.06,99731.0,0.0,5.1,3_coin
XAUUSD,coin,3,fundingpips_1step,7,2.0,ladder,OOS,,816,0.1,0.0,0.0,0.0,99.9,6.5,4.9,2.67,-1.04,99488.0,0.0,2.5,3_coin
XAUUSD,coin,3,fundingpips_1step,30,2.0,ladder,IS,,1688,5.9,0.0,0.0,20.9,73.3,15.6,20.1,6.22,-1.67,98801.0,20.9,19.8,3_coin
XAUUSD,coin,3,fundingpips_1step,30,2.0,ladder,OOS,,816,2.9,0.0,0.0,24.1,72.9,17.0,19.9,6.36,-1.64,97833.0,24.1,9.2,3_coin
XAUUSD,coin,3,e8_one_8,7,2.0,ladder,IS,,1688,0.1,0.0,0.0,0.2,99.7,5.7,4.9,2.65,-1.06,99723.0,0.2,5.2,3_coin
XAUUSD,coin,3,e8_one_8,7,2.0,ladder,OOS,,816,0.1,0.0,0.0,0.0,99.9,6.5,4.9,2.67,-1.04,99488.0,0.0,2.5,3_coin
XAUUSD,coin,3,e8_one_8,30,2.0,ladder,IS,,1688,2.1,0.0,0.0,19.1,78.9,14.5,20.7,6.37,-1.69,98612.0,19.1,13.1,3_coin
XAUUSD,coin,3,e8_one_8,30,2.0,ladder,OOS,,816,1.3,0.0,0.0,26.5,72.2,11.6,20.2,6.47,-1.66,97733.0,26.5,6.2,3_coin
XAUUSD,coin,3,e8_one_14,7,2.0,ladder,IS,,1688,0.0,0.0,0.0,0.0,100.0,,4.9,2.65,-1.06,99731.0,0.0,3.2,3_coin
XAUUSD,coin,3,e8_one_14,7,2.0,ladder,OOS,,816,0.0,0.0,0.0,0.0,100.0,,4.9,2.67,-1.04,99488.0,0.0,1.6,3_coin
XAUUSD,coin,3,e8_one_14,30,2.0,ladder,IS,,1688,0.6,0.0,0.0,0.0,99.4,23.2,21.5,6.56,-1.72,98721.0,0.0,13.9,3_coin
XAUUSD,coin,3,e8_one_14,30,2.0,ladder,OOS,,816,0.0,0.0,0.0,0.0,100.0,,21.3,6.79,-1.68,97612.0,0.0,6.4,3_coin
XAUUSD,coin,3,the5ers_hyper,7,2.0,ladder,IS,,1688,0.2,0.0,0.0,0.0,99.8,6.8,4.9,2.65,-1.06,99731.0,0.0,3.3,3_coin
XAUUSD,coin,3,the5ers_hyper,7,2.0,ladder,OOS,,816,0.1,0.0,0.0,0.0,99.9,6.5,4.9,2.67,-1.04,99488.0,0.0,1.6,3_coin
XAUUSD,coin,3,the5ers_hyper,30,2.0,ladder,IS,,1688,5.9,0.0,0.0,20.9,73.3,15.6,20.1,6.22,-1.67,98801.0,20.9,12.2,3_coin
XAUUSD,coin,3,the5ers_hyper,30,2.0,ladder,OOS,,816,2.9,0.0,0.0,24.1,72.9,17.0,19.9,6.36,-1.64,97833.0,24.1,4.8,3_coin
XAUUSD,coin,3,ftmo_p1,7,2.0,ladder,IS,,1688,0.2,0.0,0.0,0.0,99.8,6.8,4.9,2.65,-1.06,99731.0,0.0,2.8,3_coin
XAUUSD,coin,3,ftmo_p1,7,2.0,ladder,OOS,,816,0.1,0.0,0.0,0.0,99.9,6.5,4.9,2.67,-1.04,99488.0,0.0,1.2,3_coin
XAUUSD,coin,3,ftmo_p1,30,2.0,ladder,IS,,1688,5.9,0.0,0.0,0.3,93.8,15.6,21.0,6.48,-1.7,98739.0,0.3,9.4,3_coin
XAUUSD,coin,3,ftmo_p1,30,2.0,ladder,OOS,,816,2.9,0.0,0.0,1.7,95.3,17.0,21.0,6.71,-1.67,97727.0,1.7,4.8,3_coin
XAUUSD,coin,4,ftmo_1step,7,2.0,ladder,IS,,1688,0.4,0.0,0.1,0.0,99.5,6.5,4.9,2.61,-1.07,99685.0,0.1,4.9,3_coin
XAUUSD,coin,4,ftmo_1step,7,2.0,ladder,OOS,,816,0.0,0.0,0.0,0.4,99.6,,4.9,2.69,-1.06,99596.0,0.4,2.3,3_coin
XAUUSD,coin,4,ftmo_1step,30,2.0,ladder,IS,,1688,4.2,0.0,0.9,2.2,92.7,18.6,21.0,6.45,-1.72,98511.0,3.1,20.0,3_coin
XAUUSD,coin,4,ftmo_1step,30,2.0,ladder,OOS,,816,2.1,0.0,0.0,4.0,93.9,20.6,20.9,6.62,-1.67,98080.0,4.0,9.9,3_coin
XAUUSD,coin,4,fundingpips_1step,7,2.0,ladder,IS,,1688,0.4,0.0,0.1,0.0,99.5,6.5,4.9,2.61,-1.07,99685.0,0.1,5.5,3_coin
XAUUSD,coin,4,fundingpips_1step,7,2.0,ladder,OOS,,816,0.0,0.0,0.0,0.0,100.0,,4.9,2.69,-1.06,99610.0,0.0,2.6,3_coin
XAUUSD,coin,4,fundingpips_1step,30,2.0,ladder,IS,,1688,4.2,0.0,0.8,22.0,73.0,18.6,20.4,6.28,-1.69,98454.0,22.8,19.8,3_coin
XAUUSD,coin,4,fundingpips_1step,30,2.0,ladder,OOS,,816,2.1,0.0,0.0,19.5,78.4,20.6,20.4,6.43,-1.66,98135.0,19.5,9.7,3_coin
XAUUSD,coin,4,e8_one_8,7,2.0,ladder,IS,,1688,0.2,0.0,0.0,0.2,99.6,6.4,4.9,2.61,-1.07,99683.0,0.2,3.4,3_coin
XAUUSD,coin,4,e8_one_8,7,2.0,ladder,OOS,,816,0.0,0.0,0.0,0.4,99.6,,4.9,2.69,-1.06,99596.0,0.4,1.7,3_coin
XAUUSD,coin,4,e8_one_8,30,2.0,ladder,IS,,1688,2.7,0.0,0.0,15.8,81.5,23.0,20.8,6.37,-1.71,98458.0,15.8,13.2,3_coin
XAUUSD,coin,4,e8_one_8,30,2.0,ladder,OOS,,816,1.6,0.0,0.0,19.9,78.6,18.7,20.5,6.52,-1.66,98050.0,19.9,6.3,3_coin
XAUUSD,coin,4,e8_one_14,7,2.0,ladder,IS,,1688,0.0,0.0,0.0,0.0,100.0,,4.9,2.61,-1.07,99685.0,0.0,3.5,3_coin
XAUUSD,coin,4,e8_one_14,7,2.0,ladder,OOS,,816,0.0,0.0,0.0,0.0,100.0,,4.9,2.69,-1.06,99610.0,0.0,2.0,3_coin
XAUUSD,coin,4,e8_one_14,30,2.0,ladder,IS,,1688,0.0,0.0,0.0,0.0,100.0,,21.5,6.54,-1.73,98455.0,0.0,13.4,3_coin
XAUUSD,coin,4,e8_one_14,30,2.0,ladder,OOS,,816,0.0,0.0,0.0,0.0,100.0,,21.3,6.64,-1.69,98167.0,0.0,6.3,3_coin
XAUUSD,coin,4,the5ers_hyper,7,2.0,ladder,IS,,1688,0.4,0.0,0.1,0.0,99.5,6.5,4.9,2.61,-1.07,99685.0,0.1,3.3,3_coin
XAUUSD,coin,4,the5ers_hyper,7,2.0,ladder,OOS,,816,0.0,0.0,0.0,0.0,100.0,,4.9,2.69,-1.06,99610.0,0.0,1.6,3_coin
XAUUSD,coin,4,the5ers_hyper,30,2.0,ladder,IS,,1688,4.2,0.0,0.8,22.0,73.0,18.6,20.4,6.28,-1.69,98454.0,22.8,9.9,3_coin
XAUUSD,coin,4,the5ers_hyper,30,2.0,ladder,OOS,,816,2.1,0.0,0.0,19.5,78.4,20.6,20.4,6.43,-1.66,98135.0,19.5,4.8,3_coin
XAUUSD,coin,4,ftmo_p1,7,2.0,ladder,IS,,1688,0.4,0.0,0.0,0.0,99.6,6.5,4.9,2.61,-1.07,99685.0,0.0,2.9,3_coin
XAUUSD,coin,4,ftmo_p1,7,2.0,ladder,OOS,,816,0.0,0.0,0.0,0.0,100.0,,4.9,2.69,-1.06,99610.0,0.0,1.4,3_coin
XAUUSD,coin,4,ftmo_p1,30,2.0,ladder,IS,,1688,4.2,0.0,0.0,0.0,95.8,18.6,21.2,6.48,-1.72,98483.0,0.0,10.3,3_coin
XAUUSD,coin,4,ftmo_p1,30,2.0,ladder,OOS,,816,2.1,0.0,0.0,0.0,97.9,20.6,21.2,6.63,-1.69,98142.0,0.0,3.5,3_coin
XAUUSD,coin,5,ftmo_1step,7,2.0,ladder,IS,,1688,0.5,0.0,0.0,0.0,99.5,6.6,4.9,2.69,-1.07,99800.0,0.0,3.2,3_coin
XAUUSD,coin,5,ftmo_1step,7,2.0,ladder,OOS,,816,0.0,0.0,0.0,0.0,100.0,,4.9,2.68,-1.06,99761.0,0.0,1.6,3_coin
XAUUSD,coin,5,ftmo_1step,30,2.0,ladder,IS,,1688,7.1,0.0,0.0,4.0,88.9,17.7,20.8,6.58,-1.73,98988.0,4.0,11.6,3_coin
XAUUSD,coin,5,ftmo_1step,30,2.0,ladder,OOS,,816,5.4,0.1,0.0,2.0,92.5,20.0,20.9,6.46,-1.71,99154.0,2.0,4.8,3_coin
XAUUSD,coin,5,fundingpips_1step,7,2.0,ladder,IS,,1688,0.5,0.0,0.0,0.0,99.5,6.6,4.9,2.69,-1.07,99800.0,0.0,2.4,3_coin
XAUUSD,coin,5,fundingpips_1step,7,2.0,ladder,OOS,,816,0.0,0.0,0.0,0.0,100.0,,4.9,2.68,-1.06,99761.0,0.0,1.1,3_coin
XAUUSD,coin,5,fundingpips_1step,30,2.0,ladder,IS,,1688,7.1,0.0,0.0,22.3,70.6,17.7,20.1,6.35,-1.71,99049.0,22.3,8.8,3_coin
XAUUSD,coin,5,fundingpips_1step,30,2.0,ladder,OOS,,816,5.5,0.0,0.0,19.1,75.4,19.5,20.0,6.21,-1.69,99219.0,19.1,4.3,3_coin
XAUUSD,coin,5,e8_one_8,7,2.0,ladder,IS,,1688,0.3,0.0,0.0,0.0,99.7,6.6,4.9,2.69,-1.07,99800.0,0.0,1.8,3_coin
XAUUSD,coin,5,e8_one_8,7,2.0,ladder,OOS,,816,0.0,0.0,0.0,0.0,100.0,,4.9,2.68,-1.06,99761.0,0.0,0.8,3_coin
XAUUSD,coin,5,e8_one_8,30,2.0,ladder,IS,,1688,4.2,0.0,0.0,21.4,74.4,17.5,20.4,6.41,-1.73,99029.0,21.4,6.5,3_coin
XAUUSD,coin,5,e8_one_8,30,2.0,ladder,OOS,,816,2.0,0.0,0.0,20.7,77.3,22.0,20.5,6.35,-1.7,99022.0,20.7,3.0,3_coin
XAUUSD,coin,5,e8_one_14,7,2.0,ladder,IS,,1688,0.0,0.0,0.0,0.0,100.0,,4.9,2.69,-1.07,99800.0,0.0,1.7,3_coin
XAUUSD,coin,5,e8_one_14,7,2.0,ladder,OOS,,816,0.0,0.0,0.0,0.0,100.0,,4.9,2.68,-1.06,99761.0,0.0,0.8,3_coin
XAUUSD,coin,5,e8_one_14,30,2.0,ladder,IS,,1688,1.4,0.0,0.0,0.0,98.6,22.5,21.4,6.67,-1.74,99108.0,0.0,6.8,3_coin
XAUUSD,coin,5,e8_one_14,30,2.0,ladder,OOS,,816,0.0,0.0,0.0,0.0,100.0,,21.3,6.52,-1.72,99066.0,0.0,3.1,3_coin
XAUUSD,coin,5,the5ers_hyper,7,2.0,ladder,IS,,1688,0.5,0.0,0.0,0.0,99.5,6.6,4.9,2.69,-1.07,99800.0,0.0,1.6,3_coin
XAUUSD,coin,5,the5ers_hyper,7,2.0,ladder,OOS,,816,0.0,0.0,0.0,0.0,100.0,,4.9,2.68,-1.06,99761.0,0.0,0.8,3_coin
XAUUSD,coin,5,the5ers_hyper,30,2.0,ladder,IS,,1688,7.1,0.0,0.0,22.3,70.6,17.7,20.1,6.35,-1.71,99049.0,22.3,6.4,3_coin
XAUUSD,coin,5,the5ers_hyper,30,2.0,ladder,OOS,,816,5.5,0.0,0.0,19.1,75.4,19.5,20.0,6.21,-1.69,99219.0,19.1,3.0,3_coin
XAUUSD,coin,5,ftmo_p1,7,2.0,ladder,IS,,1688,0.5,0.0,0.0,0.0,99.5,6.6,4.9,2.69,-1.07,99800.0,0.0,1.6,3_coin
XAUUSD,coin,5,ftmo_p1,7,2.0,ladder,OOS,,816,0.0,0.0,0.0,0.0,100.0,,4.9,2.68,-1.06,99761.0,0.0,0.8,3_coin
XAUUSD,coin,5,ftmo_p1,30,2.0,ladder,IS,,1688,7.1,0.0,0.0,0.2,92.7,17.7,20.9,6.61,-1.73,98970.0,0.2,6.4,3_coin
XAUUSD,coin,5,ftmo_p1,30,2.0,ladder,OOS,,816,5.5,0.0,0.0,0.2,94.2,19.5,20.9,6.46,-1.71,99158.0,0.2,3.1,3_coin
