sym,entry,tf,atr_stop,trail,friday,rule,max_days,target,min_days,risk,mode,sample,max_starts,n,pass_pct,pass_inconsistent_pct,fail_daily_pct,fail_max_pct,timeout_pct,days_to_pass_median,trades_mean,max_dd_mean,worst_day_mean,end_balance_mean,burn_pct,secs,stage
BTCUSD,don20,1h,1.0,1.0,True,ftmo_1step,30,0.05,0,2.8,fixed,IS,,390,2.6,38.7,17.9,40.8,0.0,5.5,4.0,8.47,-2.54,100249.0,58.7,0.8,3_funded
BTCUSD,don20,1h,1.0,1.0,True,ftmo_1step,30,0.05,0,2.8,fixed,OOS,,395,4.1,34.2,10.9,49.6,1.3,7.3,4.7,8.65,-2.46,99778.0,60.5,1.0,3_funded
BTCUSD,don20,1h,1.0,1.0,True,fundingpips_1step,30,0.05,0,2.8,fixed,IS,,390,44.4,0.0,14.9,40.8,0.0,2.9,3.7,8.06,-2.53,100676.0,55.7,0.8,3_funded
BTCUSD,don20,1h,1.0,1.0,True,fundingpips_1step,30,0.05,0,2.8,fixed,OOS,,395,39.2,0.0,10.1,49.4,1.3,2.9,4.3,8.61,-2.47,99999.0,59.5,0.9,3_funded
BTCUSD,don20,1h,1.0,1.0,True,e8_one_8,30,0.05,0,2.8,fixed,IS,,390,33.3,0.0,0.0,66.7,0.0,2.0,3.4,8.02,-2.51,99591.0,66.7,0.7,3_funded
BTCUSD,don20,1h,1.0,1.0,True,e8_one_8,30,0.05,0,2.8,fixed,OOS,,395,29.9,0.0,0.0,69.4,0.8,2.4,3.9,7.83,-2.43,99460.0,69.4,0.4,3_funded
BTCUSD,don20,1h,1.0,1.0,True,e8_one_14,30,0.05,0,2.8,fixed,IS,,390,58.7,0.0,0.0,41.0,0.3,4.1,6.2,10.9,-2.62,100612.0,41.0,1.0,3_funded
BTCUSD,don20,1h,1.0,1.0,True,e8_one_14,30,0.05,0,2.8,fixed,OOS,,395,51.9,0.0,0.0,46.8,1.3,4.4,7.1,11.41,-2.53,99847.0,46.8,1.1,3_funded
BTCUSD,don20,1h,1.0,1.0,True,the5ers_hyper,30,0.05,0,2.8,fixed,IS,,390,44.4,0.0,14.9,40.8,0.0,2.9,3.7,8.06,-2.53,100676.0,55.7,0.6,3_funded
BTCUSD,don20,1h,1.0,1.0,True,the5ers_hyper,30,0.05,0,2.8,fixed,OOS,,395,39.5,0.0,9.6,49.6,1.3,2.9,4.3,8.7,-2.47,100115.0,59.2,0.7,3_funded
BTCUSD,don20,1h,1.0,1.0,True,ftmo_p1,30,0.05,0,2.8,fixed,IS,,390,52.3,0.0,0.0,17.7,30.0,9.9,15.2,8.03,-1.87,100584.0,17.7,2.1,3_funded
BTCUSD,don20,1h,1.0,1.0,True,ftmo_p1,30,0.05,0,2.8,fixed,OOS,,395,44.6,0.0,0.0,7.8,47.6,10.6,18.4,7.35,-1.56,100613.0,7.8,2.6,3_funded
BTCUSD,don20,1h,1.0,1.0,True,ftmo_1step,30,0.05,0,1.5,ladder_balance,IS,,390,11.8,16.7,0.0,2.1,69.5,16.9,21.0,5.78,-1.4,100213.0,2.1,4.2,3_funded
BTCUSD,don20,1h,1.0,1.0,True,ftmo_1step,30,0.05,0,1.5,ladder_balance,OOS,,395,16.7,14.2,0.0,1.0,68.1,19.0,21.4,5.92,-1.33,100562.0,1.0,3.0,3_funded
BTCUSD,don20,1h,1.0,1.0,True,fundingpips_1step,30,0.05,0,1.5,ladder_balance,IS,,390,28.5,0.0,0.0,16.7,54.9,13.5,20.3,5.61,-1.38,100309.0,16.7,2.8,3_funded
BTCUSD,don20,1h,1.0,1.0,True,fundingpips_1step,30,0.05,0,1.5,ladder_balance,OOS,,395,30.9,0.0,0.0,13.9,55.2,12.6,20.5,5.72,-1.32,100558.0,13.9,2.8,3_funded
BTCUSD,don20,1h,1.0,1.0,True,e8_one_8,30,0.05,0,1.5,ladder_balance,IS,,390,28.5,0.0,0.0,13.3,58.2,13.5,20.7,5.68,-1.39,100256.0,13.3,3.1,3_funded
BTCUSD,don20,1h,1.0,1.0,True,e8_one_8,30,0.05,0,1.5,ladder_balance,OOS,,395,28.6,0.0,0.0,17.5,53.9,13.1,20.8,5.84,-1.32,100373.0,17.5,3.4,3_funded
BTCUSD,don20,1h,1.0,1.0,True,e8_one_14,30,0.05,0,1.5,ladder_balance,IS,,390,28.5,0.0,0.0,0.0,71.5,13.5,21.0,5.8,-1.4,100205.0,0.0,3.3,3_funded
BTCUSD,don20,1h,1.0,1.0,True,e8_one_14,30,0.05,0,1.5,ladder_balance,OOS,,395,30.9,0.0,0.0,0.0,69.1,12.6,21.4,5.92,-1.33,100563.0,0.0,3.8,3_funded
BTCUSD,don20,1h,1.0,1.0,True,the5ers_hyper,30,0.05,0,1.5,ladder_balance,IS,,390,28.5,0.0,0.0,16.7,54.9,13.5,20.3,5.61,-1.38,100309.0,16.7,3.6,3_funded
BTCUSD,don20,1h,1.0,1.0,True,the5ers_hyper,30,0.05,0,1.5,ladder_balance,OOS,,395,30.9,0.0,0.0,13.9,55.2,12.6,20.5,5.72,-1.32,100558.0,13.9,3.5,3_funded
BTCUSD,don20,1h,1.0,1.0,True,ftmo_p1,30,0.05,0,1.5,ladder_balance,IS,,390,21.5,0.0,0.0,0.0,78.5,11.8,21.6,5.31,-1.17,100087.0,0.0,3.7,3_funded
BTCUSD,don20,1h,1.0,1.0,True,ftmo_p1,30,0.05,0,1.5,ladder_balance,OOS,,395,27.1,0.0,0.0,0.0,72.9,14.4,22.2,5.37,-1.1,100605.0,0.0,4.1,3_funded
XAUUSD,don55,4h,1.0,1.0,True,ftmo_1step,30,0.05,0,2.8,fixed,IS,,1688,1.1,24.5,16.2,18.3,39.9,23.3,3.3,7.51,-2.57,100014.0,34.5,6.6,3_funded
XAUUSD,don55,4h,1.0,1.0,True,ftmo_1step,30,0.05,0,2.8,fixed,OOS,,816,1.6,18.9,10.7,17.5,51.3,19.5,3.5,7.41,-2.57,99110.0,28.2,2.9,3_funded
XAUUSD,don55,4h,1.0,1.0,True,fundingpips_1step,30,0.05,0,2.8,fixed,IS,,1688,25.9,0.0,15.8,24.3,33.9,10.7,3.1,7.32,-2.56,99931.0,40.1,5.0,3_funded
XAUUSD,don55,4h,1.0,1.0,True,fundingpips_1step,30,0.05,0,2.8,fixed,OOS,,816,20.8,0.0,9.1,30.9,39.2,11.5,3.3,7.13,-2.54,99001.0,40.0,2.7,3_funded
XAUUSD,don55,4h,1.0,1.0,True,e8_one_8,30,0.05,0,2.8,fixed,IS,,1688,20.9,0.0,0.0,49.1,30.0,11.8,3.3,7.48,-2.57,99489.0,49.1,5.8,3_funded
XAUUSD,don55,4h,1.0,1.0,True,e8_one_8,30,0.05,0,2.8,fixed,OOS,,816,18.1,0.0,0.0,45.3,36.5,11.5,3.4,7.1,-2.52,99457.0,45.3,3.1,3_funded
XAUUSD,don55,4h,1.0,1.0,True,e8_one_14,30,0.05,0,2.8,fixed,IS,,1688,29.0,0.0,0.0,7.8,63.2,13.7,3.9,8.45,-2.61,100058.0,7.8,7.0,3_funded
XAUUSD,don55,4h,1.0,1.0,True,e8_one_14,30,0.05,0,2.8,fixed,OOS,,816,22.7,0.0,0.0,4.0,73.3,12.5,3.9,8.01,-2.61,99659.0,4.0,3.5,3_funded
XAUUSD,don55,4h,1.0,1.0,True,the5ers_hyper,30,0.05,0,2.8,fixed,IS,,1688,25.9,0.0,15.8,24.4,33.9,10.7,3.1,7.32,-2.56,99929.0,40.2,5.6,3_funded
XAUUSD,don55,4h,1.0,1.0,True,the5ers_hyper,30,0.05,0,2.8,fixed,OOS,,816,20.8,0.0,9.1,30.9,39.2,11.5,3.3,7.13,-2.54,99001.0,40.0,1.9,3_funded
XAUUSD,don55,4h,1.0,1.0,True,ftmo_p1,30,0.05,0,2.8,fixed,IS,,1688,30.8,0.0,1.6,7.9,59.7,13.0,3.9,8.34,-2.61,100296.0,9.5,4.6,3_funded
XAUUSD,don55,4h,1.0,1.0,True,ftmo_p1,30,0.05,0,2.8,fixed,OOS,,816,22.7,0.0,1.6,8.7,67.0,12.5,3.8,7.93,-2.61,99468.0,10.3,2.6,3_funded
XAUUSD,don55,4h,1.0,1.0,False,ftmo_1step,30,0.05,0,2.0,ladder,IS,,1688,0.9,5.6,0.0,0.0,93.4,23.2,4.7,2.4,-0.88,100102.0,0.0,9.0,3_funded
XAUUSD,don55,4h,1.0,1.0,False,ftmo_1step,30,0.05,0,2.0,ladder,OOS,,816,1.1,1.0,0.0,0.0,97.9,20.9,4.5,2.1,-0.78,99730.0,0.0,3.5,3_funded
XAUUSD,don55,4h,1.0,1.0,False,fundingpips_1step,30,0.05,0,2.0,ladder,IS,,1688,6.6,0.0,0.0,0.0,93.4,16.9,4.7,2.4,-0.88,100102.0,0.0,7.4,3_funded
XAUUSD,don55,4h,1.0,1.0,False,fundingpips_1step,30,0.05,0,2.0,ladder,OOS,,816,2.1,0.0,0.0,0.0,97.9,21.9,4.5,2.1,-0.78,99730.0,0.0,4.1,3_funded
XAUUSD,don55,4h,1.0,1.0,False,e8_one_8,30,0.05,0,2.0,ladder,IS,,1688,5.6,0.0,0.0,1.0,93.4,16.7,4.7,2.4,-0.88,100019.0,1.0,8.7,3_funded
XAUUSD,don55,4h,1.0,1.0,False,e8_one_8,30,0.05,0,2.0,ladder,OOS,,816,2.1,0.0,0.0,0.0,97.9,21.9,4.5,2.1,-0.78,99730.0,0.0,4.0,3_funded
XAUUSD,don55,4h,1.0,1.0,False,e8_one_14,30,0.05,0,2.0,ladder,IS,,1688,6.6,0.0,0.0,0.0,93.4,16.9,4.7,2.4,-0.88,100102.0,0.0,7.5,3_funded
XAUUSD,don55,4h,1.0,1.0,False,e8_one_14,30,0.05,0,2.0,ladder,OOS,,816,2.1,0.0,0.0,0.0,97.9,21.9,4.5,2.1,-0.78,99730.0,0.0,2.9,3_funded
XAUUSD,don55,4h,1.0,1.0,False,the5ers_hyper,30,0.05,0,2.0,ladder,IS,,1688,6.6,0.0,0.0,0.0,93.4,16.9,4.7,2.4,-0.88,100102.0,0.0,5.1,3_funded
XAUUSD,don55,4h,1.0,1.0,False,the5ers_hyper,30,0.05,0,2.0,ladder,OOS,,816,2.1,0.0,0.0,0.0,97.9,21.9,4.5,2.1,-0.78,99730.0,0.0,1.8,3_funded
XAUUSD,don55,4h,1.0,1.0,False,ftmo_p1,30,0.05,0,2.0,ladder,IS,,1688,6.6,0.0,0.0,0.0,93.4,16.9,4.7,2.4,-0.88,100102.0,0.0,3.6,3_funded
XAUUSD,don55,4h,1.0,1.0,False,ftmo_p1,30,0.05,0,2.0,ladder,OOS,,816,2.1,0.0,0.0,0.0,97.9,21.9,4.5,2.1,-0.78,99730.0,0.0,1.7,3_funded
