bb_dev,rsi_low,atr_mult,max_bars,confirm,session_filter,net,usd_h,dd,pf,trades,wr,avg,sharpe,pf_num
2.0,20,1.5,8,0,0,-44.92,-0.0034,97.86,0.845,70,38.6,-0.64,-0.46,0.845
2.0,20,1.5,8,0,1,-44.76,-0.0034,73.57,0.777,45,40.0,-0.99,-0.56,0.777
2.0,20,1.5,8,1,0,-69.41,-0.0053,107.36,0.631,40,40.0,-1.74,-0.97,0.631
2.0,20,1.5,8,1,1,-26.67,-0.002,57.47,0.789,26,42.3,-1.03,-0.39,0.789
2.0,20,1.5,32,0,0,-2.78,-0.0002,110.93,0.992,70,42.9,-0.04,0.01,0.992
2.0,20,1.5,32,0,1,-46.19,-0.0035,84.65,0.809,45,40.0,-1.03,-0.5,0.809
2.0,20,1.5,32,1,0,-98.36,-0.0075,125.49,0.56,40,37.5,-2.46,-1.26,0.56
2.0,20,1.5,32,1,1,-52.0,-0.004,73.44,0.653,26,38.5,-2.0,-0.73,0.653
2.0,20,2.5,8,0,0,-10.44,-0.0008,72.61,0.951,57,47.4,-0.18,-0.11,0.951
2.0,20,2.5,8,0,1,-21.69,-0.0017,60.71,0.851,36,47.2,-0.6,-0.34,0.851
2.0,20,2.5,8,1,0,-55.64,-0.0042,96.38,0.624,39,43.6,-1.43,-0.97,0.624
2.0,20,2.5,8,1,1,-10.56,-0.0008,49.71,0.879,26,50.0,-0.41,-0.2,0.879
2.0,20,2.5,32,0,0,8.03,0.0006,72.79,1.032,57,54.4,0.14,0.12,1.032
2.0,20,2.5,32,0,1,-19.47,-0.0015,63.13,0.885,36,50.0,-0.54,-0.26,0.885
2.0,20,2.5,32,1,0,-102.53,-0.0078,136.61,0.487,39,46.2,-2.63,-1.39,0.487
2.0,20,2.5,32,1,1,-49.13,-0.0037,76.06,0.601,26,46.2,-1.89,-0.82,0.601
2.0,25,1.5,8,0,0,-166.81,-0.0127,208.57,0.807,207,39.1,-0.81,-0.97,0.807
2.0,25,1.5,8,0,1,-83.04,-0.0063,139.26,0.862,143,41.3,-0.58,-0.52,0.862
2.0,25,1.5,8,1,0,-202.59,-0.0154,250.41,0.646,134,44.0,-1.51,-1.79,0.646
2.0,25,1.5,8,1,1,-95.14,-0.0072,133.74,0.749,90,46.7,-1.06,-0.96,0.749
2.0,25,1.5,32,0,0,-216.93,-0.0165,269.53,0.79,207,37.2,-1.05,-1.21,0.79
2.0,25,1.5,32,0,1,-159.25,-0.0121,226.31,0.787,143,37.1,-1.11,-0.96,0.787
2.0,25,1.5,32,1,0,-266.45,-0.0203,307.94,0.603,134,41.0,-1.99,-2.12,0.603
2.0,25,1.5,32,1,1,-152.03,-0.0116,192.84,0.667,90,42.2,-1.69,-1.4,0.667
2.0,25,2.5,8,0,0,-71.22,-0.0054,126.82,0.896,174,47.1,-0.41,-0.47,0.896
2.0,25,2.5,8,0,1,-16.69,-0.0013,112.58,0.965,122,50.0,-0.14,-0.09,0.965
2.0,25,2.5,8,1,0,-213.59,-0.0163,259.78,0.573,131,48.1,-1.63,-2.03,0.573
2.0,25,2.5,8,1,1,-102.84,-0.0078,143.05,0.678,88,52.3,-1.17,-1.15,0.678
2.0,25,2.5,32,0,0,-145.76,-0.0111,182.15,0.834,174,50.0,-0.84,-0.83,0.834
2.0,25,2.5,32,0,1,-110.35,-0.0084,179.58,0.826,122,50.0,-0.9,-0.73,0.826
2.0,25,2.5,32,1,0,-308.5,-0.0235,348.78,0.507,131,50.4,-2.35,-2.47,0.507
2.0,25,2.5,32,1,1,-195.64,-0.0149,230.33,0.54,88,50.0,-2.22,-1.89,0.54
2.0,30,1.5,8,0,0,-352.98,-0.0269,427.13,0.778,481,41.0,-0.73,-1.58,0.778
2.0,30,1.5,8,0,1,-362.91,-0.0276,444.97,0.719,328,39.3,-1.11,-1.61,0.719
2.0,30,1.5,8,1,0,-308.22,-0.0235,336.14,0.733,329,48.6,-0.94,-1.94,0.733
2.0,30,1.5,8,1,1,-185.77,-0.0142,211.33,0.772,225,49.8,-0.83,-1.33,0.772
2.0,30,1.5,32,0,0,-405.46,-0.0309,466.7,0.783,480,40.4,-0.84,-1.68,0.783
2.0,30,1.5,32,0,1,-367.81,-0.028,443.05,0.748,328,39.0,-1.12,-1.53,0.748
2.0,30,1.5,32,1,0,-388.71,-0.0296,406.31,0.695,329,48.0,-1.18,-2.19,0.695
2.0,30,1.5,32,1,1,-235.29,-0.0179,248.44,0.743,225,49.8,-1.05,-1.52,0.743
2.0,30,2.5,8,0,0,-276.48,-0.0211,429.41,0.809,395,49.9,-0.7,-1.21,0.809
2.0,30,2.5,8,0,1,-245.22,-0.0187,371.96,0.77,266,48.9,-0.92,-1.22,0.77
2.0,30,2.5,8,1,0,-373.07,-0.0284,401.58,0.636,319,53.0,-1.17,-2.37,0.636
2.0,30,2.5,8,1,1,-257.15,-0.0196,279.82,0.657,217,55.3,-1.19,-1.82,0.657
2.0,30,2.5,32,0,0,-355.95,-0.0271,476.35,0.792,394,52.0,-0.9,-1.42,0.792
2.0,30,2.5,32,0,1,-311.98,-0.0238,426.62,0.751,266,51.9,-1.17,-1.43,0.751
2.0,30,2.5,32,1,0,-462.08,-0.0352,476.82,0.602,313,56.5,-1.48,-2.54,0.602
2.0,30,2.5,32,1,1,-354.14,-0.027,371.7,0.598,216,55.6,-1.64,-2.22,0.598
2.5,20,1.5,8,0,0,8.15,0.0006,84.98,1.041,51,39.2,0.16,0.13,1.041
2.5,20,1.5,8,0,1,-8.94,-0.0007,56.57,0.93,31,41.9,-0.29,-0.12,0.93
2.5,20,1.5,8,1,0,-55.45,-0.0042,84.56,0.71,42,38.1,-1.32,-0.77,0.71
2.5,20,1.5,8,1,1,-24.1,-0.0018,49.75,0.812,26,38.5,-0.93,-0.37,0.812
2.5,20,1.5,32,0,0,36.28,0.0028,111.41,1.16,51,43.1,0.71,0.42,1.16
2.5,20,1.5,32,0,1,-27.94,-0.0021,69.36,0.828,31,38.7,-0.9,-0.34,0.828
2.5,20,1.5,32,1,0,-61.1,-0.0047,101.06,0.722,42,40.5,-1.45,-0.74,0.722
2.5,20,1.5,32,1,1,-23.39,-0.0018,53.36,0.836,26,38.5,-0.9,-0.33,0.836
2.5,20,2.5,8,0,0,17.03,0.0013,59.47,1.108,43,46.5,0.4,0.27,1.108
2.5,20,2.5,8,0,1,-3.91,-0.0003,43.34,0.964,27,48.1,-0.14,-0.06,0.964
2.5,20,2.5,8,1,0,-37.89,-0.0029,58.58,0.754,42,45.2,-0.9,-0.66,0.754
2.5,20,2.5,8,1,1,-7.84,-0.0006,39.43,0.917,26,50.0,-0.3,-0.15,0.917
2.5,20,2.5,32,0,0,41.5,0.0032,69.69,1.22,43,55.8,0.97,0.56,1.22
2.5,20,2.5,32,0,1,-6.32,-0.0005,41.97,0.951,27,51.9,-0.23,-0.09,0.951
2.5,20,2.5,32,1,0,-45.29,-0.0034,74.51,0.755,42,52.4,-1.08,-0.65,0.755
2.5,20,2.5,32,1,1,-23.57,-0.0018,39.16,0.81,26,50.0,-0.91,-0.39,0.81
2.5,25,1.5,8,0,0,-50.73,-0.0039,142.56,0.912,146,39.7,-0.35,-0.35,0.912
2.5,25,1.5,8,0,1,-25.61,-0.002,106.93,0.933,97,41.2,-0.26,-0.19,0.933
2.5,25,1.5,8,1,0,-130.45,-0.0099,175.47,0.716,112,42.0,-1.16,-1.16,0.716
2.5,25,1.5,8,1,1,-30.04,-0.0023,80.36,0.897,75,44.0,-0.4,-0.3,0.897
2.5,25,1.5,32,0,0,-89.21,-0.0068,178.0,0.874,146,37.0,-0.61,-0.56,0.874
2.5,25,1.5,32,0,1,-94.53,-0.0072,164.94,0.809,97,35.1,-0.97,-0.68,0.809
2.5,25,1.5,32,1,0,-156.93,-0.012,211.82,0.71,112,42.9,-1.4,-1.24,0.71
2.5,25,1.5,32,1,1,-46.67,-0.0036,97.21,0.868,75,44.0,-0.62,-0.43,0.868
2.5,25,2.5,8,0,0,-43.88,-0.0033,115.86,0.914,126,45.2,-0.35,-0.33,0.914
2.5,25,2.5,8,0,1,-13.57,-0.001,75.74,0.96,83,47.0,-0.16,-0.1,0.96
2.5,25,2.5,8,1,0,-133.35,-0.0102,170.74,0.684,112,46.4,-1.19,-1.32,0.684
2.5,25,2.5,8,1,1,-32.87,-0.0025,89.9,0.871,75,50.7,-0.44,-0.39,0.871
2.5,25,2.5,32,0,0,-77.11,-0.0059,126.09,0.878,126,48.4,-0.61,-0.49,0.878
2.5,25,2.5,32,0,1,-70.62,-0.0054,126.97,0.839,83,47.0,-0.85,-0.55,0.839
2.5,25,2.5,32,1,0,-170.64,-0.013,200.41,0.667,112,52.7,-1.52,-1.48,0.667
2.5,25,2.5,32,1,1,-81.91,-0.0062,127.0,0.758,75,53.3,-1.09,-0.85,0.758
2.5,30,1.5,8,0,0,-275.01,-0.0209,382.73,0.778,334,38.9,-0.82,-1.41,0.778
2.5,30,1.5,8,0,1,-241.2,-0.0184,334.25,0.745,222,36.9,-1.09,-1.32,0.745
2.5,30,1.5,8,1,0,-317.25,-0.0242,359.95,0.672,265,42.3,-1.2,-2.0,0.672
2.5,30,1.5,8,1,1,-165.7,-0.0126,226.33,0.752,175,41.7,-0.95,-1.24,0.752
2.5,30,1.5,32,0,0,-338.23,-0.0258,448.59,0.76,334,36.8,-1.01,-1.61,0.76
2.5,30,1.5,32,0,1,-289.62,-0.0221,399.4,0.727,222,34.7,-1.3,-1.44,0.727
2.5,30,1.5,32,1,0,-373.18,-0.0284,407.37,0.639,265,43.0,-1.41,-2.18,0.639
2.5,30,1.5,32,1,1,-201.79,-0.0154,242.15,0.737,175,43.4,-1.15,-1.38,0.737
2.5,30,2.5,8,0,0,-278.57,-0.0212,392.65,0.76,287,46.0,-0.97,-1.41,0.76
2.5,30,2.5,8,0,1,-232.98,-0.0177,324.29,0.725,191,46.1,-1.22,-1.29,0.725
2.5,30,2.5,8,1,0,-329.62,-0.0251,378.53,0.637,260,48.5,-1.27,-2.25,0.637
2.5,30,2.5,8,1,1,-198.85,-0.0151,258.1,0.691,171,50.3,-1.16,-1.61,0.691
2.5,30,2.5,32,0,0,-333.07,-0.0254,407.82,0.741,285,47.4,-1.17,-1.53,0.741
2.5,30,2.5,32,0,1,-288.63,-0.022,362.96,0.705,191,46.6,-1.51,-1.51,0.705
2.5,30,2.5,32,1,0,-462.1,-0.0352,483.43,0.551,252,52.0,-1.83,-2.99,0.551
2.5,30,2.5,32,1,1,-299.35,-0.0228,343.78,0.623,170,52.4,-1.76,-2.06,0.623
3.0,20,1.5,8,0,0,12.82,0.001,34.68,1.171,21,42.9,0.61,0.29,1.171
3.0,20,1.5,8,0,1,-24.92,-0.0019,31.14,0.502,11,36.4,-2.27,-0.78,0.502
3.0,20,1.5,8,1,0,-46.31,-0.0035,69.16,0.545,23,34.8,-2.01,-0.95,0.545
3.0,20,1.5,8,1,1,-25.98,-0.002,46.07,0.536,12,33.3,-2.17,-0.7,0.536
3.0,20,1.5,32,0,0,37.13,0.0028,36.47,1.47,21,47.6,1.77,0.7,1.47
3.0,20,1.5,32,0,1,-19.94,-0.0015,28.78,0.655,11,36.4,-1.81,-0.51,0.655
3.0,20,1.5,32,1,0,-43.75,-0.0033,66.43,0.629,23,43.5,-1.9,-0.74,0.629
3.0,20,1.5,32,1,1,-17.25,-0.0013,36.84,0.716,12,41.7,-1.44,-0.42,0.716
3.0,20,2.5,8,0,0,47.84,0.0036,27.24,1.972,21,52.4,2.28,1.02,1.972
3.0,20,2.5,8,0,1,-3.45,-0.0003,28.46,0.908,11,45.5,-0.31,-0.1,0.908
3.0,20,2.5,8,1,0,-9.04,-0.0007,34.3,0.858,23,39.1,-0.39,-0.23,0.858
3.0,20,2.5,8,1,1,-4.01,-0.0003,26.68,0.88,12,41.7,-0.33,-0.12,0.88
3.0,20,2.5,32,0,0,40.6,0.0031,33.85,1.5,21,61.9,1.93,0.7,1.5
3.0,20,2.5,32,0,1,-4.14,-0.0003,30.1,0.923,11,54.5,-0.38,-0.09,0.923
3.0,20,2.5,32,1,0,-26.46,-0.002,54.25,0.747,23,56.5,-1.15,-0.5,0.747
3.0,20,2.5,32,1,1,-9.32,-0.0007,33.19,0.833,12,58.3,-0.78,-0.22,0.833
3.0,25,1.5,8,0,0,15.8,0.0012,73.8,1.06,68,41.2,0.23,0.19,1.06
3.0,25,1.5,8,0,1,-21.8,-0.0017,67.5,0.885,45,37.8,-0.48,-0.24,0.885
3.0,25,1.5,8,1,0,-75.61,-0.0058,107.39,0.696,62,37.1,-1.22,-0.91,0.696
3.0,25,1.5,8,1,1,-8.83,-0.0007,54.77,0.938,38,39.5,-0.23,-0.12,0.938
3.0,25,1.5,32,0,0,16.3,0.0012,74.12,1.054,68,35.3,0.24,0.19,1.054
3.0,25,1.5,32,0,1,-33.13,-0.0025,87.32,0.847,45,31.1,-0.74,-0.33,0.847
3.0,25,1.5,32,1,0,-75.17,-0.0057,111.24,0.73,62,40.3,-1.21,-0.8,0.73
3.0,25,1.5,32,1,1,2.95,0.0002,61.45,1.019,38,44.7,0.08,0.07,1.019
3.0,25,2.5,8,0,0,24.6,0.0019,57.7,1.099,64,48.4,0.38,0.28,1.099
3.0,25,2.5,8,0,1,-12.31,-0.0009,70.5,0.93,41,46.3,-0.3,-0.13,0.93
3.0,25,2.5,8,1,0,-104.2,-0.0079,135.82,0.592,62,40.3,-1.68,-1.35,0.592
3.0,25,2.5,8,1,1,-24.09,-0.0018,65.22,0.822,38,44.7,-0.63,-0.39,0.822
3.0,25,2.5,32,0,0,-28.44,-0.0022,69.75,0.913,64,46.9,-0.44,-0.22,0.913
3.0,25,2.5,32,0,1,-38.74,-0.003,98.66,0.825,41,43.9,-0.94,-0.4,0.825
3.0,25,2.5,32,1,0,-127.77,-0.0097,160.28,0.593,62,50.0,-2.06,-1.44,0.593
3.0,25,2.5,32,1,1,-25.19,-0.0019,73.4,0.848,38,55.3,-0.66,-0.35,0.848
3.0,30,1.5,8,0,0,-145.91,-0.0111,216.26,0.762,145,37.9,-1.01,-1.06,0.762
3.0,30,1.5,8,0,1,-94.61,-0.0072,153.48,0.76,90,38.9,-1.05,-0.86,0.76
3.0,30,1.5,8,1,0,-216.33,-0.0165,253.77,0.596,126,35.7,-1.72,-1.76,0.596
3.0,30,1.5,8,1,1,-117.78,-0.009,155.64,0.646,77,36.4,-1.53,-1.28,0.646
3.0,30,1.5,32,0,0,-167.5,-0.0128,240.01,0.751,145,33.8,-1.16,-1.17,0.751
3.0,30,1.5,32,0,1,-129.3,-0.0098,185.75,0.703,90,33.3,-1.44,-1.11,0.703
3.0,30,1.5,32,1,0,-241.41,-0.0184,278.84,0.597,126,39.7,-1.92,-1.85,0.597
3.0,30,1.5,32,1,1,-122.39,-0.0093,159.83,0.666,77,40.3,-1.59,-1.27,0.666
3.0,30,2.5,8,0,0,-171.55,-0.0131,222.14,0.729,135,43.7,-1.27,-1.11,0.729
3.0,30,2.5,8,0,1,-117.28,-0.0089,173.9,0.702,83,45.8,-1.41,-1.01,0.702
3.0,30,2.5,8,1,0,-255.02,-0.0194,292.45,0.539,126,41.3,-2.02,-2.13,0.539
3.0,30,2.5,8,1,1,-123.87,-0.0094,161.3,0.622,77,44.2,-1.61,-1.35,0.622
3.0,30,2.5,32,0,0,-220.34,-0.0168,261.39,0.698,135,44.4,-1.63,-1.34,0.698
3.0,30,2.5,32,0,1,-170.68,-0.013,210.79,0.637,83,43.4,-2.06,-1.38,0.637
3.0,30,2.5,32,1,0,-298.76,-0.0228,336.19,0.535,126,49.2,-2.37,-2.31,0.535
3.0,30,2.5,32,1,1,-160.14,-0.0122,197.57,0.594,77,51.9,-2.08,-1.57,0.594
