ema_len,dc_len,sl_mult,trail_mult,adx_min,allow_short,is_net,is_pf,oos_net,oos_pf,oos_dd,oos_trades
100,20,2.0,2.0,0.0,0,371.6,1.266,-265.58,0.651,300.81,131
100,20,2.0,2.0,0.0,1,265.46,1.12,-229.17,0.727,300.57,138
100,20,2.0,2.0,20.0,0,205.43,1.153,-255.99,0.651,302.8,123
100,20,2.0,2.0,20.0,1,-37.47,0.983,-211.87,0.76,302.37,147
100,20,2.0,2.0,25.0,0,264.28,1.237,-225.89,0.6,300.71,96
100,20,2.0,2.0,25.0,1,23.83,1.012,-158.25,0.77,301.77,119
100,20,2.0,3.0,0.0,0,668.18,1.476,-258.6,0.677,301.0,107
100,20,2.0,3.0,0.0,1,604.97,1.248,-297.49,0.443,303.44,59
100,20,2.0,3.0,20.0,0,351.52,1.262,-247.27,0.678,300.16,101
100,20,2.0,3.0,20.0,1,106.96,1.087,-295.08,0.445,300.05,61
100,20,2.0,3.0,25.0,0,222.0,1.191,-246.06,0.622,300.1,86
100,20,2.0,3.0,25.0,1,-31.02,0.971,-243.64,0.558,302.62,76
100,20,2.0,4.0,0.0,0,756.55,1.532,-262.97,0.682,302.97,95
100,20,2.0,4.0,0.0,1,329.49,1.252,-294.4,0.502,303.23,61
100,20,2.0,4.0,20.0,0,451.53,1.327,-249.47,0.688,301.94,91
100,20,2.0,4.0,20.0,1,196.07,1.195,-294.55,0.61,303.71,87
100,20,2.0,4.0,25.0,0,481.65,1.401,-248.94,0.701,302.83,104
100,20,2.0,4.0,25.0,1,198.38,1.219,-196.96,0.673,300.4,73
100,20,3.0,2.0,0.0,0,92.2,1.079,-298.14,0.64,307.6,145
100,20,3.0,2.0,0.0,1,-113.23,0.941,-295.59,0.643,300.27,134
100,20,3.0,2.0,20.0,0,55.88,1.05,-275.58,0.701,300.79,176
100,20,3.0,2.0,20.0,1,-148.05,0.918,-296.2,0.667,301.03,153
100,20,3.0,2.0,25.0,0,80.1,1.086,-235.05,0.65,301.85,117
100,20,3.0,2.0,25.0,1,-127.58,0.906,-229.69,0.793,300.31,197
100,20,3.0,3.0,0.0,0,467.39,1.406,16.05,1.015,267.94,167
100,20,3.0,3.0,0.0,1,526.41,1.255,-296.67,0.444,301.64,58
100,20,3.0,3.0,20.0,0,342.46,1.323,-252.0,0.739,301.14,134
100,20,3.0,3.0,20.0,1,381.31,1.194,-297.55,0.443,303.57,57
100,20,3.0,3.0,25.0,0,113.54,1.116,-33.33,0.963,296.64,135
100,20,3.0,3.0,25.0,1,101.62,1.058,-295.87,0.604,311.36,99
100,20,3.0,4.0,0.0,0,591.74,1.5,-186.27,0.82,300.9,118
100,20,3.0,4.0,0.0,1,347.57,1.168,-270.45,0.527,300.58,50
100,20,3.0,4.0,20.0,0,631.74,1.586,-178.17,0.818,303.0,112
100,20,3.0,4.0,20.0,1,515.44,1.262,-273.57,0.649,301.68,76
100,20,3.0,4.0,25.0,0,577.47,1.581,-182.44,0.793,301.63,98
100,20,3.0,4.0,25.0,1,289.97,1.334,-73.9,0.954,300.86,189
100,55,2.0,2.0,0.0,0,142.21,1.155,-283.34,0.627,300.37,141
100,55,2.0,2.0,0.0,1,94.7,1.061,251.42,1.177,232.13,270
100,55,2.0,2.0,20.0,0,142.15,1.163,-272.44,0.633,305.73,138
100,55,2.0,2.0,20.0,1,-114.04,0.925,213.52,1.156,242.65,258
100,55,2.0,2.0,25.0,0,195.28,1.276,-238.72,0.585,302.41,105
100,55,2.0,2.0,25.0,1,-24.04,0.982,111.52,1.092,245.54,223
100,55,2.0,3.0,0.0,0,233.85,1.25,-282.28,0.598,300.08,97
100,55,2.0,3.0,0.0,1,426.35,1.269,-222.61,0.58,300.36,70
100,55,2.0,3.0,20.0,0,176.3,1.193,-281.94,0.613,306.52,104
100,55,2.0,3.0,20.0,1,100.2,1.066,-218.89,0.61,300.79,77
100,55,2.0,3.0,25.0,0,60.56,1.077,-273.51,0.563,302.63,89
100,55,2.0,3.0,25.0,1,52.97,1.039,-220.37,0.555,300.1,66
100,55,2.0,4.0,0.0,0,368.46,1.394,-247.45,0.678,300.48,94
100,55,2.0,4.0,0.0,1,348.91,1.215,-166.9,0.731,302.44,73
100,55,2.0,4.0,20.0,0,309.36,1.336,-260.2,0.661,300.24,95
100,55,2.0,4.0,20.0,1,90.77,1.106,-177.78,0.713,301.44,73
100,55,2.0,4.0,25.0,0,268.04,1.34,-257.81,0.636,301.3,87
100,55,2.0,4.0,25.0,1,-0.63,0.999,-136.37,0.881,301.25,147
100,55,3.0,2.0,0.0,0,40.11,1.051,-283.54,0.609,300.78,126
100,55,3.0,2.0,0.0,1,-66.99,0.952,77.2,1.053,265.37,266
100,55,3.0,2.0,20.0,0,34.82,1.046,-280.15,0.603,300.13,124
100,55,3.0,2.0,20.0,1,-169.45,0.871,67.86,1.049,242.58,254
100,55,3.0,2.0,25.0,0,88.29,1.143,-259.54,0.582,301.25,105
100,55,3.0,2.0,25.0,1,-149.62,0.859,57.6,1.047,244.41,221
100,55,3.0,3.0,0.0,0,175.87,1.227,-287.39,0.613,303.88,89
100,55,3.0,3.0,0.0,1,247.93,1.181,-264.84,0.532,300.84,65
100,55,3.0,3.0,20.0,0,179.88,1.245,-260.5,0.607,302.69,73
100,55,3.0,3.0,20.0,1,208.13,1.159,-267.63,0.526,300.27,64
100,55,3.0,3.0,25.0,0,80.02,1.129,-256.38,0.612,300.65,86
100,55,3.0,3.0,25.0,1,78.45,1.069,-269.03,0.531,301.74,65
100,55,3.0,4.0,0.0,0,485.14,1.628,-272.68,0.665,302.07,77
100,55,3.0,4.0,0.0,1,378.37,1.266,-248.22,0.643,302.73,65
100,55,3.0,4.0,20.0,0,484.72,1.658,-245.47,0.692,304.95,81
100,55,3.0,4.0,20.0,1,200.56,1.274,-250.86,0.635,300.98,63
100,55,3.0,4.0,25.0,0,538.42,1.895,-222.69,0.697,300.13,73
100,55,3.0,4.0,25.0,1,225.61,1.279,-249.17,0.643,300.99,67
200,20,2.0,2.0,0.0,0,347.85,1.269,-251.77,0.655,300.61,138
200,20,2.0,2.0,0.0,1,298.73,1.156,-136.01,0.834,302.49,153
200,20,2.0,2.0,20.0,0,238.44,1.197,-241.83,0.71,301.17,164
200,20,2.0,2.0,20.0,1,55.61,1.03,273.83,1.147,251.81,362
200,20,2.0,2.0,25.0,0,277.88,1.269,-198.07,0.645,301.38,108
200,20,2.0,2.0,25.0,1,-33.38,0.981,195.25,1.13,275.95,305
200,20,2.0,3.0,0.0,0,603.91,1.471,-222.33,0.689,301.32,101
200,20,2.0,3.0,0.0,1,543.37,1.255,-178.64,0.734,300.85,95
200,20,2.0,3.0,20.0,0,385.91,1.314,-209.52,0.717,301.91,108
200,20,2.0,3.0,20.0,1,306.02,1.158,-162.01,0.784,300.77,114
200,20,2.0,3.0,25.0,0,270.78,1.257,-203.3,0.705,300.21,108
200,20,2.0,3.0,25.0,1,99.62,1.054,-157.59,0.732,301.41,87
200,20,2.0,4.0,0.0,0,649.76,1.511,-197.94,0.753,301.59,103
200,20,2.0,4.0,0.0,1,385.83,1.185,-140.05,0.784,301.24,82
200,20,2.0,4.0,20.0,0,527.28,1.427,-203.71,0.74,305.18,99
200,20,2.0,4.0,20.0,1,226.01,1.208,-142.47,0.776,301.34,79
200,20,2.0,4.0,25.0,0,557.4,1.515,-193.61,0.746,307.21,103
200,20,2.0,4.0,25.0,1,210.35,1.208,-154.49,0.766,300.59,89
200,20,3.0,2.0,0.0,0,126.85,1.117,64.64,1.069,286.1,197
200,20,3.0,2.0,0.0,1,27.05,1.018,234.23,1.128,290.04,377
200,20,3.0,2.0,20.0,0,56.42,1.055,25.24,1.028,293.75,185
200,20,3.0,2.0,20.0,1,-111.8,0.924,175.4,1.101,232.54,353
200,20,3.0,2.0,25.0,0,71.09,1.08,-223.9,0.674,302.55,134
200,20,3.0,2.0,25.0,1,-141.32,0.89,138.52,1.097,266.49,300
200,20,3.0,3.0,0.0,0,464.03,1.444,92.62,1.098,253.02,152
200,20,3.0,3.0,0.0,1,533.41,1.297,-248.03,0.7,300.05,115
200,20,3.0,3.0,20.0,0,348.49,1.359,-208.62,0.774,301.17,139
200,20,3.0,3.0,20.0,1,264.18,1.157,-217.08,0.869,302.46,233
200,20,3.0,3.0,25.0,0,195.75,1.222,62.84,1.082,258.33,123
200,20,3.0,3.0,25.0,1,200.52,1.13,-151.82,0.89,301.46,197
200,20,3.0,4.0,0.0,0,588.73,1.542,-160.12,0.831,303.17,109
200,20,3.0,4.0,0.0,1,369.29,1.206,-135.14,0.897,301.73,137
200,20,3.0,4.0,20.0,0,627.27,1.623,-138.84,0.844,300.28,103
200,20,3.0,4.0,20.0,1,359.75,1.207,-94.24,0.944,301.33,194
200,20,3.0,4.0,25.0,0,604.0,1.657,119.47,1.141,268.92,107
200,20,3.0,4.0,25.0,1,322.69,1.197,80.5,1.057,301.39,166
200,55,2.0,2.0,0.0,0,164.17,1.191,47.8,1.07,251.87,137
200,55,2.0,2.0,0.0,1,28.49,1.019,321.84,1.246,185.33,249
200,55,2.0,2.0,20.0,0,167.76,1.202,25.77,1.038,262.81,133
200,55,2.0,2.0,20.0,1,-153.79,0.895,266.68,1.209,197.63,240
200,55,2.0,2.0,25.0,0,220.95,1.329,-241.39,0.59,301.89,110
200,55,2.0,2.0,25.0,1,-48.98,0.962,156.42,1.139,220.65,212
200,55,2.0,3.0,0.0,0,256.2,1.295,-264.76,0.633,300.48,109
200,55,2.0,3.0,0.0,1,317.25,1.206,-210.82,0.63,300.91,78
200,55,2.0,3.0,20.0,0,202.3,1.235,-255.97,0.628,300.2,101
200,55,2.0,3.0,20.0,1,41.69,1.031,-210.28,0.629,300.37,76
200,55,2.0,3.0,25.0,0,94.15,1.126,-260.78,0.577,302.54,93
200,55,2.0,3.0,25.0,1,-5.36,0.996,-211.22,0.577,301.31,66
200,55,2.0,4.0,0.0,0,358.04,1.398,-193.57,0.732,300.49,94
200,55,2.0,4.0,0.0,1,223.26,1.138,-81.25,0.93,301.18,154
200,55,2.0,4.0,20.0,0,302.59,1.335,-225.3,0.697,300.83,96
200,55,2.0,4.0,20.0,1,39.09,1.046,-115.3,0.901,309.18,154
200,55,2.0,4.0,25.0,0,268.59,1.343,-209.71,0.683,302.43,85
200,55,2.0,4.0,25.0,1,-38.11,0.964,-83.9,0.919,304.69,137
200,55,3.0,2.0,0.0,0,11.67,1.015,8.32,1.012,266.26,135
200,55,3.0,2.0,0.0,1,-169.71,0.855,184.67,1.144,176.41,245
200,55,3.0,2.0,20.0,0,9.07,1.012,-2.27,0.997,265.76,130
200,55,3.0,2.0,20.0,1,-189.9,0.83,146.26,1.115,193.16,236
200,55,3.0,2.0,25.0,0,84.54,1.14,-9.7,0.984,292.3,114
200,55,3.0,2.0,25.0,1,-182.94,0.82,121.81,1.108,207.4,210
200,55,3.0,3.0,0.0,0,164.34,1.221,-246.7,0.647,301.14,93
200,55,3.0,3.0,0.0,1,143.28,1.107,-250.48,0.577,300.52,73
200,55,3.0,3.0,20.0,0,169.75,1.239,-252.56,0.638,305.18,87
200,55,3.0,3.0,20.0,1,-3.32,0.997,-242.1,0.587,300.51,70
200,55,3.0,3.0,25.0,0,88.73,1.148,-246.41,0.619,300.21,89
200,55,3.0,3.0,25.0,1,31.49,1.028,-252.33,0.546,301.43,66
200,55,3.0,4.0,0.0,0,469.75,1.629,-210.8,0.719,300.82,76
200,55,3.0,4.0,0.0,1,194.76,1.209,-137.05,0.892,308.13,143
200,55,3.0,4.0,20.0,0,470.74,1.652,-229.53,0.697,307.32,76
200,55,3.0,4.0,20.0,1,197.63,1.264,-170.14,0.867,304.39,139
200,55,3.0,4.0,25.0,0,541.68,1.919,-205.14,0.709,302.54,72
200,55,3.0,4.0,25.0,1,217.52,1.276,-75.17,0.934,301.25,126
