step_atr_mult,hours,lot_mult,max_levels,basket_sl_usd,tp_pips,risk_scale,max_basket_hours,vol_filter,net,usd_per_hour,max_dd_usd,max_dd_pct,ruined_at,stopouts,baskets_closed,sl_hits,tp_hits,time_hits,worst_basket,max_lots
2.0,all,1.0,3,150,6,True,24,False,-1000.0,-0.0223,1007.68,100.0,2014-09-30 11:00:00,0,5039,0,4552,487,-57.2,0.05
0.5,7-20,1.2,3,150,6,False,24,False,-1000.0,-0.0223,1017.91,100.0,2013-10-01 08:00:00,1,2424,0,2244,179,-98.72,0.06
0.5,all,1.0,6,60,10,False,24,False,-1000.0,-0.0223,1016.36,100.0,2014-10-14 11:00:00,2,4679,26,4190,461,-91.87,0.11
2.0,7-20,1.2,3,100,6,False,72,False,-1000.0,-0.0223,1001.75,100.0,2015-01-05 10:00:00,3,3939,1,3776,159,-117.85,0.06
1.0,all,1.2,6,100,10,True,72,True,-1000.0,-0.0223,1243.6,100.0,2015-05-06 16:00:00,2,4299,22,4122,153,-204.82,0.11
1.0,all,1.0,6,250,10,False,72,False,-1000.0,-0.0223,1092.55,100.0,2015-04-29 17:00:00,1,4657,0,4465,191,-187.39,0.11
1.0,all,1.0,4,60,6,False,168,False,-1000.0,-0.0223,1021.85,100.0,2014-09-05 13:00:00,5,3515,43,3445,22,-90.25,0.08
0.5,7-20,1.2,6,250,10,False,72,True,-1000.0,-0.0223,1156.67,100.0,2015-04-30 10:00:00,1,3997,0,3835,161,-206.68,0.12
2.0,7-20,1.0,6,250,6,True,72,True,-1000.0,-0.0223,1034.27,100.0,2015-01-23 13:00:00,2,3745,0,3604,139,-142.28,0.08
0.5,7-20,1.0,6,150,10,True,168,True,-1000.0,-0.0223,1128.8,100.0,2015-04-03 10:00:00,5,3230,16,3159,50,-230.62,0.12
2.0,all,1.2,3,150,10,True,168,True,-306.53,-0.0068,719.41,60.6,,0,6308,2,6147,159,-183.42,0.06
2.0,7-20,1.2,3,60,10,True,24,True,-1000.0,-0.0223,1000.43,100.0,2015-06-04 11:00:00,1,4738,4,4139,594,-119.78,0.05
1.5,7-20,1.2,4,150,6,False,72,True,-1000.0,-0.0223,1044.02,100.0,2015-01-23 14:00:00,1,3899,1,3759,138,-158.34,0.08
0.5,7-20,1.0,4,100,10,False,168,False,-1000.0,-0.0223,1007.2,100.0,2015-04-07 11:00:00,2,3222,23,3132,65,-167.02,0.08
1.5,12-21,1.0,6,100,10,False,24,True,-1000.0,-0.0223,1000.95,100.0,2015-06-02 16:00:00,2,3693,2,3218,471,-115.61,0.08
1.5,all,1.0,3,60,6,False,24,False,-1000.0,-0.0223,1011.32,100.0,2014-09-04 17:00:00,0,5062,2,4610,450,-63.68,0.06
0.5,all,1.0,6,150,10,True,72,False,-1000.0,-0.0223,1030.82,100.0,2015-03-18 22:00:00,0,4578,8,4393,177,-230.23,0.12
0.5,all,1.0,6,150,6,False,168,False,-1000.0,-0.0223,1005.32,100.0,2013-10-22 20:00:00,6,2217,8,2185,18,-230.88,0.12
0.5,7-20,1.0,4,250,10,True,168,True,-1000.0,-0.0223,1067.55,100.0,2015-08-24 16:00:00,0,3452,1,3361,90,-251.01,0.08
1.0,all,1.0,3,150,10,False,72,True,-692.64,-0.0154,1014.39,89.3,,0,8613,0,8173,440,-120.62,0.06
1.0,all,1.0,4,250,6,True,72,True,-1000.0,-0.0223,1022.85,100.0,2015-01-05 00:00:00,0,4455,0,4317,138,-106.92,0.08
1.5,7-20,1.0,4,60,6,True,168,True,-1000.0,-0.0223,1063.6,100.0,2015-03-11 08:00:00,4,3658,42,3590,22,-110.57,0.08
1.5,12-21,1.2,3,100,6,True,168,True,-1000.0,-0.0223,1047.7,100.0,2015-03-18 22:00:00,0,2814,4,2753,57,-125.16,0.06
0.5,all,1.0,6,100,6,False,24,True,-1000.0,-0.0223,1007.57,100.0,2013-11-07 14:00:00,2,2982,3,2808,169,-121.26,0.11
1.5,7-20,1.2,6,250,10,False,24,True,-1000.0,-0.0223,1000.95,100.0,2015-03-18 22:00:00,1,4318,0,3786,531,-158.43,0.07
0.5,12-21,1.2,4,250,10,True,72,False,-1000.0,-0.0223,1000.53,100.0,2015-04-09 17:00:00,3,3364,0,3189,172,-147.47,0.08
2.0,7-20,1.0,4,60,6,True,72,True,-1000.0,-0.0223,1033.74,100.0,2014-12-18 12:00:00,2,3628,19,3485,122,-82.17,0.08
2.0,all,1.0,4,100,10,True,24,True,-887.33,-0.0198,975.92,95.6,,0,10956,2,9667,1287,-119.78,0.06
2.0,all,1.2,6,250,6,True,72,True,-1000.0,-0.0223,1038.51,100.0,2015-03-06 15:00:00,2,4456,0,4305,149,-157.61,0.08
1.5,7-20,1.2,4,150,6,False,24,False,-1000.0,-0.0223,1016.3,100.0,2014-02-28 11:00:00,1,3268,0,3005,262,-106.88,0.06
1.0,12-21,1.2,6,250,6,False,168,False,-1000.0,-0.0223,1011.77,100.0,2013-10-23 15:00:00,7,1424,0,1395,22,-194.08,0.12
1.0,all,1.0,3,250,6,False,168,True,-1000.0,-0.0223,1046.82,100.0,2015-04-03 15:00:00,1,3839,0,3765,73,-126.38,0.06
1.5,all,1.0,6,100,6,True,24,True,-1000.0,-0.0223,1000.68,100.0,2014-10-06 21:00:00,2,4794,0,4386,406,-69.75,0.07
1.5,12-21,1.0,6,100,6,False,72,True,-1000.0,-0.0223,1039.03,100.0,2015-03-06 15:00:00,3,3389,5,3270,111,-183.54,0.09
1.0,all,1.2,6,150,10,True,168,False,-1000.0,-0.0223,1034.86,100.0,2015-01-27 17:00:00,1,3313,10,3252,50,-222.04,0.12
2.0,12-21,1.2,3,60,6,True,24,False,-1000.0,-0.0223,1010.4,100.0,2014-12-04 17:00:00,1,3776,0,3381,394,-48.76,0.05
0.5,all,1.0,3,150,6,False,168,True,-1000.0,-0.0223,1040.95,100.0,2015-03-20 08:00:00,4,3696,1,3615,76,-157.22,0.06
2.0,7-20,1.2,4,250,6,False,24,False,-1000.0,-0.0223,1009.47,100.0,2014-05-21 14:00:00,5,3641,0,3301,335,-106.88,0.05
2.0,12-21,1.0,6,250,6,False,24,True,-1000.0,-0.0223,1000.12,100.0,2015-01-23 14:00:00,1,3590,0,3223,366,-60.42,0.07
0.5,12-21,1.0,4,150,6,True,168,True,-1000.0,-0.0223,1065.65,100.0,2015-01-23 14:00:00,1,2802,0,2747,54,-133.93,0.08
2.0,all,1.2,6,150,6,True,24,True,-1000.0,-0.0223,1000.12,100.0,2014-10-08 08:00:00,8,4605,0,4171,426,-64.66,0.07
1.5,all,1.0,3,60,6,True,24,False,-1000.0,-0.0223,1011.32,100.0,2014-09-04 17:00:00,0,5062,2,4610,450,-63.68,0.06
1.0,7-20,1.2,6,60,6,False,72,True,-1000.0,-0.0223,1005.54,100.0,2014-08-07 14:00:00,4,3372,30,3263,75,-82.21,0.11
1.0,all,1.2,6,150,10,True,72,False,-1000.0,-0.0223,1092.55,100.0,2015-03-20 03:00:00,2,4383,7,4198,176,-222.04,0.11
0.5,12-21,1.0,4,100,6,False,24,True,-1000.0,-0.0223,1008.91,100.0,2014-02-13 12:00:00,1,2265,1,2097,166,-145.59,0.08
1.0,all,1.0,3,100,6,True,168,True,-1000.0,-0.0223,1046.82,100.0,2015-03-18 22:00:00,0,3776,6,3703,67,-134.31,0.06
2.0,7-20,1.2,6,60,10,False,72,False,-1000.0,-0.0223,1045.99,100.0,2015-05-19 10:00:00,1,4002,42,3789,170,-99.63,0.08
1.0,7-20,1.2,4,150,10,True,72,True,-1000.0,-0.0223,1085.51,100.0,2015-05-20 09:00:00,1,3912,3,3728,180,-189.45,0.08
0.5,7-20,1.0,6,150,10,True,72,True,-1000.0,-0.0223,1152.58,100.0,2015-04-07 11:00:00,2,3861,7,3700,152,-230.62,0.12
0.5,7-20,1.0,4,250,10,False,72,True,-1000.0,-0.0223,1060.09,100.0,2015-05-25 00:00:00,1,3974,0,3787,186,-147.47,0.08
1.0,12-21,1.0,6,100,10,False,168,False,-1000.0,-0.0223,1023.86,100.0,2015-01-15 17:00:00,1,2586,30,2527,28,-146.21,0.12
0.5,7-20,1.0,6,100,6,False,24,False,-1000.0,-0.0223,1019.06,100.0,2013-07-11 14:00:00,2,1928,3,1811,112,-121.0,0.1
1.0,12-21,1.0,3,150,10,False,24,False,-1000.0,-0.0223,1019.3,100.0,2015-05-12 16:00:00,3,4177,0,3662,512,-109.57,0.06
1.0,7-20,1.2,6,100,6,True,72,True,-1000.0,-0.0223,1056.15,100.0,2014-10-07 13:00:00,3,3586,8,3476,99,-125.62,0.11
1.5,12-21,1.2,3,150,6,False,24,True,-1000.0,-0.0223,1000.68,100.0,2015-01-23 13:00:00,1,3681,0,3325,355,-57.14,0.06
1.0,all,1.2,4,150,6,True,24,False,-1000.0,-0.0223,1018.29,100.0,2013-11-06 07:00:00,6,3170,0,2938,226,-74.85,0.08
2.0,12-21,1.0,6,250,6,True,168,True,-1000.0,-0.0223,1048.5,100.0,2015-01-23 14:00:00,2,2602,0,2562,38,-172.02,0.1
0.5,all,1.2,3,150,10,True,24,True,-1000.0,-0.0223,1002.41,100.0,2015-03-13 08:00:00,1,5076,0,4493,582,-109.57,0.06
2.0,7-20,1.0,6,100,6,False,24,True,-1000.0,-0.0223,1000.12,100.0,2014-05-13 13:00:00,3,3240,1,2947,289,-141.16,0.06
1.5,all,1.2,3,60,10,True,24,True,-1000.0,-0.0223,1012.9,100.0,2015-07-31 15:00:00,1,5886,4,5224,657,-80.48,0.06
1.5,7-20,1.2,3,250,6,False,24,False,-1000.0,-0.0223,1016.3,100.0,2014-03-06 15:00:00,2,3307,0,3036,269,-92.14,0.06
0.5,7-20,1.2,4,150,10,False,72,False,-1000.0,-0.0223,1003.95,100.0,2015-03-23 15:00:00,1,3967,4,3777,185,-167.02,0.08
1.0,12-21,1.0,6,100,6,False,168,False,-1000.0,-0.0223,1011.77,100.0,2013-10-22 14:00:00,0,1460,15,1435,10,-116.55,0.12
0.5,7-20,1.0,3,150,10,True,72,True,-1000.0,-0.0223,1067.91,100.0,2015-06-01 10:00:00,2,3748,0,3531,215,-120.62,0.06
1.5,7-20,1.2,6,60,6,True,168,False,-1000.0,-0.0223,1016.33,100.0,2014-12-17 21:00:00,1,3679,49,3621,8,-108.79,0.11
1.0,7-20,1.0,4,60,6,False,24,True,-1000.0,-0.0223,1005.54,100.0,2013-10-17 09:00:00,1,2199,6,2043,149,-73.81,0.08
2.0,12-21,1.2,4,250,6,False,72,False,-1000.0,-0.0223,1001.2,100.0,2015-01-05 00:00:00,2,3281,0,3143,136,-88.86,0.07
1.5,12-21,1.2,6,150,10,False,24,True,-1000.0,-0.0223,1000.95,100.0,2015-06-04 11:00:00,1,3697,1,3223,472,-160.25,0.08
1.5,12-21,1.2,4,250,6,False,72,False,-1000.0,-0.0223,1001.2,100.0,2015-01-12 16:00:00,2,3476,0,3341,133,-102.12,0.08
1.0,12-21,1.0,3,250,6,True,168,False,-1000.0,-0.0223,1003.39,100.0,2015-01-05 00:00:00,1,2828,0,2765,62,-111.19,0.06
1.5,12-21,1.0,4,100,6,False,24,True,-1000.0,-0.0223,1000.68,100.0,2015-02-26 16:00:00,2,3885,1,3523,359,-101.02,0.07
0.5,12-21,1.2,4,100,10,False,72,True,-1000.0,-0.0223,1054.28,100.0,2015-04-29 15:00:00,1,3114,9,2956,148,-167.02,0.08
2.0,7-20,1.0,3,60,6,True,168,True,-1000.0,-0.0223,1046.95,100.0,2015-03-20 08:00:00,2,3390,33,3322,33,-119.78,0.06
0.5,all,1.2,6,250,10,False,168,True,-1000.0,-0.0223,1208.9,100.0,2015-06-05 15:00:00,2,3747,4,3673,68,-265.17,0.12
0.5,all,1.2,3,250,10,False,72,True,-1000.0,-0.0223,1166.48,100.0,2016-02-03 20:00:00,1,5422,0,5135,286,-120.62,0.06
2.0,all,1.0,6,100,10,False,168,True,-1000.0,-0.0223,1193.23,100.0,2015-11-06 15:00:00,0,4072,36,3998,38,-177.64,0.09
1.0,all,1.0,4,100,10,True,24,False,-1000.0,-0.0223,1018.94,100.0,2015-03-18 22:00:00,0,5613,2,4991,620,-174.42,0.08
2.0,7-20,1.2,6,250,10,True,72,False,-891.9,-0.0199,1103.65,97.9,,0,8062,0,7659,403,-159.58,0.09
1.0,7-20,1.0,3,150,10,True,24,False,-1000.0,-0.0223,1028.74,100.0,2015-03-18 22:00:00,1,4876,0,4306,569,-134.31,0.06
0.5,7-20,1.0,3,250,6,False,168,True,-1000.0,-0.0223,1034.99,100.0,2015-01-23 10:00:00,2,3040,0,2967,71,-103.93,0.06
1.0,all,1.0,4,250,6,True,168,True,-1000.0,-0.0223,1075.62,100.0,2015-03-11 11:00:00,2,4020,0,3958,60,-172.56,0.08
0.5,7-20,1.0,6,150,6,True,168,True,-1000.0,-0.0223,1083.48,100.0,2014-01-07 11:00:00,6,1990,6,1957,21,-230.62,0.12
1.0,12-21,1.0,6,100,10,False,168,True,-1000.0,-0.0223,1168.32,100.0,2015-03-18 22:00:00,0,2583,30,2527,26,-158.78,0.12
1.0,all,1.2,6,150,10,True,72,True,-1000.0,-0.0223,1276.1,100.0,2015-04-30 10:00:00,1,4223,8,4051,163,-222.04,0.11
1.5,all,1.0,6,150,10,True,24,False,-1000.0,-0.0223,1033.0,100.0,2015-04-24 09:00:00,1,5682,2,5014,665,-160.25,0.08
2.0,all,1.0,3,60,10,True,168,True,-722.44,-0.0161,1034.83,84.8,,0,6598,76,6417,105,-94.66,0.06
2.0,12-21,1.2,6,60,10,False,168,True,-1000.0,-0.0223,1085.21,100.0,2015-04-20 12:00:00,3,2506,50,2436,17,-115.61,0.09
1.0,12-21,1.0,4,60,10,False,24,False,-1000.0,-0.0223,1019.3,100.0,2015-03-20 15:00:00,1,3906,13,3428,464,-77.62,0.08
0.5,12-21,1.0,4,250,10,False,24,False,-1000.0,-0.0223,1021.47,100.0,2015-03-18 20:00:00,1,3959,0,3498,460,-132.75,0.08
1.0,12-21,1.0,4,150,6,True,72,False,-1000.0,-0.0223,1001.2,100.0,2014-09-04 16:00:00,1,3003,1,2893,108,-163.66,0.08
1.0,12-21,1.0,3,100,6,True,24,False,-1000.0,-0.0223,1009.52,100.0,2014-05-07 14:00:00,9,2924,0,2648,267,-55.0,0.06
0.5,12-21,1.2,6,250,10,False,24,False,-1000.0,-0.0223,1021.47,100.0,2015-03-10 10:00:00,1,3925,0,3487,437,-168.59,0.11
2.0,all,1.2,3,60,10,True,24,False,-1000.0,-0.0223,1019.3,100.0,2016-03-10 17:00:00,1,7916,5,6990,920,-119.78,0.05
1.0,all,1.2,4,250,6,False,72,True,-1000.0,-0.0223,1022.85,100.0,2015-01-05 00:00:00,0,4455,0,4317,138,-106.92,0.08
2.0,all,1.2,6,250,10,False,24,True,-846.45,-0.0189,927.07,90.8,,0,10955,0,9666,1289,-135.07,0.07
2.0,all,1.2,4,100,6,True,24,True,-1000.0,-0.0223,1000.12,100.0,2014-10-10 14:00:00,2,4617,0,4187,428,-64.6,0.06
2.0,all,1.0,4,100,6,False,168,False,-1000.0,-0.0223,1017.73,100.0,2015-01-08 12:00:00,1,3644,11,3587,45,-141.89,0.08
0.5,7-20,1.0,3,60,6,True,72,False,-1000.0,-0.0223,1000.0,100.0,2014-04-09 20:00:00,7,2954,16,2844,87,-69.62,0.06
1.5,12-21,1.2,3,250,10,True,168,False,-824.65,-0.0184,922.05,91.9,,0,5434,0,5278,156,-126.87,0.06
2.0,all,1.0,3,60,10,False,168,True,-722.44,-0.0161,1034.83,84.8,,0,6598,76,6417,105,-94.66,0.06
0.5,12-21,1.0,6,150,6,True,72,True,-1000.0,-0.0223,1046.12,100.0,2014-12-10 14:00:00,4,3297,1,3194,98,-168.89,0.12
1.5,7-20,1.2,3,150,6,True,24,True,-1000.0,-0.0223,1000.68,100.0,2014-03-20 11:00:00,2,3028,0,2784,242,-92.14,0.06
2.0,7-20,1.0,6,60,10,True,72,True,-1000.0,-0.0223,1196.21,100.0,2016-05-03 17:00:00,3,5406,56,5141,206,-99.63,0.09
1.0,all,1.0,6,250,10,False,24,True,-1000.0,-0.0223,1010.22,100.0,2015-03-18 22:00:00,1,5061,0,4519,541,-204.82,0.09
0.5,12-21,1.0,4,250,10,True,24,False,-1000.0,-0.0223,1021.47,100.0,2015-03-18 20:00:00,1,3959,0,3498,460,-132.75,0.08
1.5,all,1.2,3,100,10,True,24,False,-1000.0,-0.0223,1021.74,100.0,2015-06-02 16:00:00,1,6005,2,5300,702,-128.02,0.06
1.0,12-21,1.0,6,100,10,False,24,False,-1000.0,-0.0223,1019.3,100.0,2015-03-20 18:00:00,1,3898,3,3431,463,-158.78,0.08
1.0,all,1.2,6,60,6,False,72,True,-1000.0,-0.0223,1007.06,100.0,2014-09-05 14:00:00,2,3914,35,3795,82,-91.87,0.11
2.0,all,1.0,3,150,6,True,168,False,-1000.0,-0.0223,1017.73,100.0,2015-03-18 22:00:00,0,3796,2,3725,69,-153.4,0.06
2.0,all,1.2,4,150,10,True,72,True,-273.25,-0.0061,1053.55,81.4,,0,8290,3,7888,399,-177.64,0.08
1.5,7-20,1.2,6,150,6,False,72,False,-1000.0,-0.0223,1001.48,100.0,2014-10-31 14:00:00,1,3837,0,3707,129,-118.2,0.09
1.0,all,1.0,3,150,10,True,168,True,-756.21,-0.0168,930.26,87.8,,0,6413,3,6224,186,-157.22,0.06
2.0,all,1.2,4,100,10,False,168,False,-1000.0,-0.0223,1024.17,100.0,2015-11-06 15:00:00,1,4289,28,4196,64,-141.89,0.08
1.0,7-20,1.2,3,150,10,False,168,False,-1000.0,-0.0223,1011.2,100.0,2015-08-27 07:00:00,1,3514,3,3412,98,-157.22,0.06
2.0,12-21,1.2,6,250,10,False,168,False,-1000.0,-0.0223,1140.73,100.0,2015-08-24 16:00:00,0,3080,2,3017,61,-313.38,0.1
2.0,7-20,1.2,6,150,6,True,24,False,-1000.0,-0.0223,1009.47,100.0,2014-05-13 14:00:00,3,3595,0,3265,327,-101.54,0.07
2.0,12-21,1.0,3,60,10,True,72,False,-1000.0,-0.0223,1007.48,100.0,2015-05-20 03:00:00,0,3267,20,3063,184,-115.61,0.06
0.5,all,1.2,4,250,6,False,72,False,-1000.0,-0.0223,1000.64,100.0,2014-10-09 09:00:00,1,4588,0,4442,145,-124.18,0.08
1.0,all,1.0,4,150,6,False,168,False,-1000.0,-0.0223,1021.85,100.0,2014-10-03 14:00:00,2,3439,1,3381,55,-163.66,0.08
2.0,12-21,1.2,4,60,10,False,24,False,-1000.0,-0.0223,1018.85,100.0,2015-06-02 15:00:00,2,4069,4,3518,545,-115.61,0.06
0.5,all,1.0,6,150,10,True,168,False,-1000.0,-0.0223,1011.43,100.0,2015-02-03 20:00:00,2,3524,15,3452,55,-230.23,0.12
2.0,12-21,1.0,6,150,10,True,24,False,-1000.0,-0.0223,1018.85,100.0,2015-06-02 16:00:00,1,4068,1,3519,547,-171.56,0.07
1.0,7-20,1.0,6,250,10,False,168,False,-1000.0,-0.0223,1029.59,100.0,2015-04-06 22:00:00,2,3326,1,3263,60,-265.17,0.12
1.0,12-21,1.2,4,60,10,True,168,False,-1000.0,-0.0223,1026.1,100.0,2015-06-02 16:00:00,0,3258,67,3166,25,-101.12,0.08
1.0,all,1.2,4,250,6,True,72,True,-1000.0,-0.0223,1022.85,100.0,2015-01-05 00:00:00,0,4455,0,4317,138,-106.92,0.08
0.5,all,1.2,6,150,10,False,72,False,-1000.0,-0.0223,1030.82,100.0,2015-03-18 22:00:00,0,4578,8,4393,177,-230.23,0.12
1.0,all,1.0,3,60,6,False,24,False,-1000.0,-0.0223,1010.57,100.0,2013-10-23 08:00:00,5,3028,5,2796,222,-65.53,0.06
1.5,12-21,1.0,3,100,10,False,72,False,-1000.0,-0.0223,1003.6,100.0,2015-05-14 13:00:00,2,3281,5,3083,191,-125.16,0.06
2.0,7-20,1.0,4,100,6,False,24,True,-1000.0,-0.0223,1000.12,100.0,2014-05-15 16:00:00,3,3255,1,2960,291,-141.16,0.05
1.0,7-20,1.0,6,250,6,True,72,True,-1000.0,-0.0223,1056.15,100.0,2014-10-13 22:00:00,2,3603,0,3494,107,-137.19,0.11
1.0,all,1.0,3,60,10,False,24,True,-1000.0,-0.0223,1003.48,100.0,2015-03-23 08:00:00,3,5032,9,4465,555,-70.7,0.06
2.0,all,1.0,4,250,10,False,168,True,-261.61,-0.0058,790.01,63.0,,0,6534,0,6393,141,-179.82,0.08
1.5,7-20,1.0,3,150,6,True,72,True,-1000.0,-0.0223,1007.01,100.0,2015-01-23 07:00:00,1,3809,0,3661,147,-87.71,0.06
1.0,12-21,1.2,3,250,6,False,24,True,-1000.0,-0.0223,1006.82,100.0,2014-10-06 20:00:00,1,3222,0,2924,297,-55.0,0.06
2.0,all,1.0,3,250,6,True,168,False,-1000.0,-0.0223,1017.73,100.0,2015-04-06 15:00:00,3,3876,0,3801,72,-119.62,0.06
1.5,all,1.2,3,60,10,False,72,False,-1000.0,-0.0223,1106.51,100.0,2016-03-10 18:00:00,0,6140,44,5833,263,-80.48,0.06
0.5,12-21,1.0,3,60,10,True,24,False,-1000.0,-0.0223,1019.34,100.0,2015-03-11 11:00:00,1,3851,6,3359,485,-112.97,0.06
1.0,all,1.2,4,150,6,True,72,True,-1000.0,-0.0223,1022.85,100.0,2015-01-02 09:00:00,0,4452,1,4314,137,-163.66,0.08
1.0,all,1.2,3,60,6,False,168,False,-1000.0,-0.0223,1004.24,100.0,2014-10-01 12:00:00,7,3304,32,3228,37,-73.97,0.06
2.0,7-20,1.2,3,150,6,True,24,False,-1000.0,-0.0223,1009.47,100.0,2014-07-30 14:00:00,3,3998,0,3607,388,-92.14,0.05
1.5,7-20,1.2,6,250,10,False,72,False,-1000.0,-0.0223,1115.36,100.0,2015-05-27 14:00:00,2,4135,0,3941,192,-175.13,0.11
1.5,7-20,1.2,3,250,10,True,168,True,-505.15,-0.0113,795.82,74.6,,0,5946,0,5782,164,-148.31,0.06
1.0,all,1.2,4,100,10,False,168,False,-1000.0,-0.0223,1019.27,100.0,2015-05-12 10:00:00,2,3700,27,3610,61,-163.66,0.08
2.0,7-20,1.2,3,150,10,True,168,True,-475.53,-0.0106,848.0,75.0,,0,5908,2,5756,150,-183.42,0.06
1.5,12-21,1.0,4,250,10,False,24,False,-1000.0,-0.0223,1018.37,100.0,2015-06-02 16:00:00,1,4142,0,3610,531,-129.28,0.08
1.5,all,1.0,3,150,6,False,168,True,-1000.0,-0.0223,1053.27,100.0,2015-03-18 22:00:00,1,3665,1,3593,70,-157.72,0.06
1.5,12-21,1.0,4,250,6,False,168,False,-1000.0,-0.0223,1011.3,100.0,2014-12-30 13:00:00,6,2880,0,2823,51,-141.6,0.08
1.0,12-21,1.2,4,60,6,True,24,True,-1000.0,-0.0223,1006.82,100.0,2014-05-13 12:00:00,13,2620,6,2385,216,-78.3,0.08
1.0,12-21,1.0,3,250,10,False,24,True,-1000.0,-0.0223,1001.91,100.0,2015-05-19 16:00:00,1,3757,0,3297,459,-109.57,0.06
1.0,all,1.0,3,150,10,True,72,False,-1000.0,-0.0223,1054.15,100.0,2016-02-16 02:00:00,2,6039,0,5743,294,-120.62,0.06
0.5,7-20,1.2,6,250,6,False,168,True,-1000.0,-0.0223,1083.48,100.0,2014-09-30 11:00:00,2,3035,0,2991,42,-184.96,0.12
1.5,7-20,1.0,4,100,10,True,168,False,-1000.0,-0.0223,1022.02,100.0,2015-05-19 10:00:00,0,3293,19,3213,61,-141.16,0.08
1.5,7-20,1.0,3,60,6,True,168,False,-1000.0,-0.0223,1009.42,100.0,2014-12-11 10:00:00,0,3282,33,3212,37,-73.37,0.06
0.5,7-20,1.0,4,250,6,False,24,False,-1000.0,-0.0223,1019.06,100.0,2013-09-19 08:00:00,3,2414,0,2257,154,-128.65,0.08
2.0,7-20,1.2,4,100,10,True,168,True,-1000.0,-0.0223,1135.78,100.0,2015-11-06 15:00:00,1,3681,25,3601,54,-168.55,0.08
0.5,all,1.2,4,60,6,False,24,True,-1000.0,-0.0223,1007.57,100.0,2013-11-07 13:00:00,1,2943,11,2759,172,-74.07,0.08
0.5,7-20,1.2,3,100,6,True,168,False,-1000.0,-0.0223,1005.32,100.0,2014-10-03 16:00:00,1,2825,3,2757,64,-124.43,0.06
0.5,12-21,1.0,4,60,6,False,168,False,-1000.0,-0.0223,1000.27,100.0,2013-11-07 13:00:00,1,1618,30,1578,9,-92.22,0.08
1.5,12-21,1.2,6,150,6,False,168,False,-1000.0,-0.0223,1011.3,100.0,2015-01-05 00:00:00,2,2929,3,2886,38,-183.54,0.11
0.5,12-21,1.0,4,150,10,False,72,False,-1000.0,-0.0223,1000.53,100.0,2015-03-20 14:00:00,1,3278,3,3108,166,-167.02,0.08
2.0,12-21,1.0,4,150,6,True,72,False,-1000.0,-0.0223,1001.2,100.0,2015-01-05 00:00:00,2,3281,0,3143,136,-88.86,0.07
2.0,all,1.2,4,60,6,True,24,False,-1000.0,-0.0223,1007.68,100.0,2014-08-28 07:00:00,9,4826,2,4357,458,-65.56,0.06
1.5,all,1.0,3,60,6,False,72,False,-1000.0,-0.0223,1000.64,100.0,2015-01-02 09:00:00,0,4566,15,4391,160,-70.95,0.06
1.5,12-21,1.0,6,250,10,False,24,True,-1000.0,-0.0223,1000.95,100.0,2015-06-04 11:00:00,1,3696,0,3222,473,-153.05,0.08
0.5,all,1.2,6,100,10,False,168,False,-1000.0,-0.0223,1011.43,100.0,2015-03-24 11:00:00,1,3904,50,3819,34,-155.12,0.12
1.0,12-21,1.0,6,250,6,True,72,False,-1000.0,-0.0223,1001.2,100.0,2014-04-15 14:00:00,5,2490,0,2407,78,-134.86,0.09
1.0,12-21,1.0,6,150,6,True,24,False,-1000.0,-0.0223,1009.52,100.0,2014-03-13 12:00:00,3,2684,0,2462,219,-66.4,0.08
1.5,12-21,1.0,6,250,6,True,72,True,-1000.0,-0.0223,1039.03,100.0,2015-03-13 12:00:00,2,3396,0,3279,115,-175.59,0.09
1.5,all,1.2,3,250,10,True,24,False,-1000.0,-0.0223,1021.74,100.0,2015-06-08 21:00:00,2,6047,0,5336,709,-109.57,0.06
1.5,7-20,1.2,3,60,10,False,72,False,-1000.0,-0.0223,1002.64,100.0,2015-06-29 11:00:00,1,4229,31,3996,201,-80.48,0.06
1.0,all,1.2,3,100,10,True,24,True,-1000.0,-0.0223,1003.48,100.0,2015-04-07 11:00:00,2,5168,2,4594,570,-134.31,0.06
1.5,7-20,1.2,6,60,10,True,72,False,-1000.0,-0.0223,1151.23,100.0,2015-05-19 10:00:00,1,4197,50,3992,154,-108.14,0.09
0.5,all,1.0,3,250,10,True,168,False,-1000.0,-0.0223,1004.74,100.0,2016-01-05 23:00:00,5,4197,0,4064,128,-150.15,0.06
2.0,all,1.2,4,60,6,False,168,False,-1000.0,-0.0223,1017.73,100.0,2015-01-22 23:00:00,0,3789,41,3723,25,-109.69,0.08
2.0,7-20,1.0,4,150,6,False,24,False,-1000.0,-0.0223,1009.47,100.0,2014-05-21 14:00:00,5,3641,0,3301,335,-106.88,0.05
0.5,7-20,1.2,3,250,6,False,72,False,-1000.0,-0.0223,1000.0,100.0,2014-07-11 19:00:00,12,3282,0,3145,125,-92.05,0.06
2.0,all,1.2,4,60,10,False,168,False,-1000.0,-0.0223,1024.17,100.0,2015-06-04 11:00:00,1,3764,66,3669,28,-96.75,0.08
1.5,7-20,1.2,3,250,6,True,24,False,-1000.0,-0.0223,1016.3,100.0,2014-03-06 15:00:00,2,3307,0,3036,269,-92.14,0.06
2.0,7-20,1.2,4,60,6,True,24,True,-1000.0,-0.0223,1000.12,100.0,2014-09-05 08:00:00,3,3823,2,3449,369,-63.04,0.06
1.0,all,1.2,4,250,6,False,24,True,-1000.0,-0.0223,1006.6,100.0,2013-12-27 12:00:00,1,3164,0,2941,222,-78.3,0.08
2.0,7-20,1.2,6,150,6,True,72,False,-1000.0,-0.0223,1001.75,100.0,2014-11-10 11:00:00,3,3687,0,3544,140,-110.6,0.08
2.0,all,1.0,3,150,10,True,24,False,-1000.0,-0.0223,1019.3,100.0,2016-06-24 06:00:00,0,8583,0,7581,1002,-109.57,0.06
1.0,7-20,1.2,6,60,6,False,72,False,-1000.0,-0.0223,1000.61,100.0,2013-12-13 14:00:00,2,2522,25,2446,49,-71.25,0.09
0.5,7-20,1.2,3,150,6,False,24,True,-1000.0,-0.0223,1007.04,100.0,2013-10-17 09:00:00,1,2208,0,2048,159,-98.72,0.06
1.0,7-20,1.0,4,60,6,False,168,False,-1000.0,-0.0223,1017.39,100.0,2014-03-13 18:00:00,2,2520,36,2468,14,-90.25,0.08
1.5,all,1.0,4,60,6,True,72,True,-1000.0,-0.0223,1054.08,100.0,2015-03-11 12:00:00,2,4770,27,4610,131,-79.97,0.08
0.5,12-21,1.0,4,100,10,True,168,True,-1000.0,-0.0223,1074.01,100.0,2015-04-07 11:00:00,1,2513,22,2439,51,-167.02,0.08
1.5,all,1.0,6,150,10,True,72,False,-1000.0,-0.0223,1120.88,100.0,2015-05-20 09:00:00,1,4527,6,4322,198,-183.54,0.11
0.5,all,1.0,3,100,6,False,72,False,-1000.0,-0.0223,1000.64,100.0,2014-08-06 12:00:00,7,3913,1,3758,147,-124.69,0.06
2.0,7-20,1.0,4,150,6,True,168,True,-1000.0,-0.0223,1054.02,100.0,2015-03-18 22:00:00,1,3345,2,3294,48,-156.15,0.08
2.0,7-20,1.0,4,100,10,False,72,True,-605.04,-0.0135,1060.9,93.1,,0,7602,13,7217,372,-168.55,0.08
1.0,all,1.2,4,100,10,True,72,True,-1000.0,-0.0223,1170.4,100.0,2015-06-05 15:00:00,0,4379,15,4187,177,-174.42,0.08
1.5,7-20,1.0,3,150,10,True,72,False,-1000.0,-0.0223,1012.1,100.0,2015-08-27 15:00:00,2,4536,0,4298,236,-120.62,0.06
2.0,7-20,1.2,6,60,6,False,24,True,-1000.0,-0.0223,1000.12,100.0,2014-09-05 08:00:00,3,3823,2,3449,369,-63.04,0.07
0.5,12-21,1.2,3,60,10,True,168,True,-1000.0,-0.0223,1052.78,100.0,2015-04-14 16:00:00,1,2419,45,2326,47,-112.97,0.06
1.5,7-20,1.0,4,100,6,True,24,False,-1000.0,-0.0223,1016.3,100.0,2014-02-03 13:00:00,7,3119,1,2863,248,-141.16,0.06
0.5,7-20,1.2,3,60,6,True,24,True,-1000.0,-0.0223,1007.04,100.0,2013-10-17 09:00:00,1,2211,5,2051,154,-69.62,0.06
1.5,12-21,1.2,6,100,6,True,168,False,-1000.0,-0.0223,1011.3,100.0,2014-04-16 13:00:00,6,2049,15,2012,16,-183.54,0.11
1.0,7-20,1.0,4,100,10,True,72,False,-1000.0,-0.0223,1006.55,100.0,2015-04-29 17:00:00,0,4146,11,3945,190,-162.93,0.08
2.0,12-21,1.2,6,250,6,True,24,False,-1000.0,-0.0223,1010.4,100.0,2014-11-11 13:00:00,3,3628,0,3245,380,-55.26,0.07
2.0,all,1.0,3,150,6,False,72,False,-1000.0,-0.0223,1004.49,100.0,2015-01-23 11:00:00,2,4522,0,4342,178,-96.75,0.06
1.5,12-21,1.2,3,250,10,True,72,False,-1000.0,-0.0223,1003.6,100.0,2015-06-04 11:00:00,1,3348,0,3148,199,-136.47,0.06
0.5,12-21,1.2,4,250,10,True,72,True,-1000.0,-0.0223,1054.28,100.0,2015-05-19 10:00:00,1,3186,0,3025,160,-147.47,0.08
1.0,12-21,1.0,4,250,10,False,72,True,-1000.0,-0.0223,1116.96,100.0,2015-06-04 11:00:00,1,3214,0,3050,163,-175.76,0.08
2.0,7-20,1.2,6,60,6,True,24,False,-1000.0,-0.0223,1009.47,100.0,2014-07-01 08:00:00,11,3871,3,3495,362,-63.04,0.07
0.5,12-21,1.0,4,250,6,False,72,True,-1000.0,-0.0223,1030.31,100.0,2014-12-17 21:00:00,2,3185,0,3068,115,-94.32,0.08
1.5,7-20,1.2,4,60,6,False,72,False,-1000.0,-0.0223,1001.48,100.0,2014-10-15 15:00:00,0,3779,21,3640,118,-79.97,0.08
2.0,12-21,1.0,3,100,10,True,24,False,-1000.0,-0.0223,1018.85,100.0,2015-06-02 16:00:00,1,4066,2,3514,549,-115.61,0.05
1.5,7-20,1.2,3,100,6,False,24,False,-1000.0,-0.0223,1016.3,100.0,2014-02-28 11:00:00,1,3270,1,3004,264,-117.85,0.06
0.5,all,1.0,3,60,6,False,168,False,-1000.0,-0.0223,1001.92,100.0,2014-01-27 10:00:00,3,2341,31,2282,25,-72.29,0.06
1.5,12-21,1.2,3,60,6,True,168,False,-1000.0,-0.0223,1005.18,100.0,2015-01-05 00:00:00,2,2812,27,2745,38,-72.87,0.06
1.0,7-20,1.2,3,150,10,False,72,True,-1000.0,-0.0223,1032.01,100.0,2015-07-31 18:00:00,1,4139,0,3922,216,-120.62,0.06
1.5,all,1.2,6,150,10,True,24,False,-1000.0,-0.0223,1033.0,100.0,2015-04-24 09:00:00,1,5682,2,5014,665,-160.25,0.08
0.5,all,1.0,4,150,10,False,72,True,-1000.0,-0.0223,1151.7,100.0,2015-05-06 12:00:00,1,4251,5,4059,186,-167.02,0.08
0.5,7-20,1.2,3,150,6,False,168,False,-1000.0,-0.0223,1005.32,100.0,2014-12-18 09:00:00,2,3117,0,3042,73,-101.61,0.06
1.0,12-21,1.0,3,250,10,True,72,True,-1000.0,-0.0223,1061.14,100.0,2015-07-31 12:00:00,1,3366,0,3181,184,-120.62,0.06
2.0,12-21,1.2,4,250,10,True,72,True,-1000.0,-0.0223,1091.29,100.0,2015-06-10 12:00:00,1,2974,0,2802,171,-141.81,0.08
2.0,12-21,1.0,6,250,6,True,72,True,-1000.0,-0.0223,1030.71,100.0,2015-03-06 15:00:00,2,3235,0,3111,122,-157.61,0.08
1.0,7-20,1.0,6,60,10,True,168,True,-1000.0,-0.0223,1121.2,100.0,2015-05-06 09:00:00,1,3693,83,3602,7,-100.86,0.12
1.0,all,1.0,6,100,10,False,168,True,-1000.0,-0.0223,1164.82,100.0,2015-04-07 11:00:00,2,3454,38,3385,29,-204.82,0.12
0.5,all,1.2,4,250,10,True,24,False,-1000.0,-0.0223,1011.7,100.0,2015-01-23 14:00:00,0,5379,0,4799,580,-123.38,0.08
1.0,all,1.0,6,150,6,False,168,True,-1000.0,-0.0223,1094.59,100.0,2013-12-16 14:00:00,7,2105,5,2074,19,-222.04,0.12
1.5,12-21,1.0,3,100,10,False,72,True,-1000.0,-0.0223,1071.36,100.0,2016-05-13 15:00:00,1,4384,7,4149,227,-125.16,0.06
0.5,7-20,1.0,4,100,6,False,168,True,-1000.0,-0.0223,1063.59,100.0,2014-10-07 09:00:00,1,2851,9,2795,46,-162.93,0.08
2.0,7-20,1.0,6,100,10,True,24,True,-1000.0,-0.0223,1000.43,100.0,2015-04-24 09:00:00,2,4453,3,3873,575,-141.16,0.07
1.5,all,1.2,6,100,10,True,72,True,-629.65,-0.014,1188.35,96.0,,0,8731,24,8343,364,-183.54,0.1
2.0,12-21,1.2,3,150,10,False,24,False,-1000.0,-0.0223,1018.85,100.0,2015-07-31 16:00:00,1,4373,0,3789,583,-109.57,0.05
0.5,all,1.2,6,250,10,False,72,False,-1000.0,-0.0223,1065.1,100.0,2015-04-03 15:00:00,2,4667,0,4478,187,-196.09,0.12
2.0,7-20,1.2,4,250,10,False,72,False,-810.79,-0.0181,1049.07,97.3,,0,8045,0,7634,411,-141.81,0.08
1.5,7-20,1.2,3,100,10,True,24,True,-1000.0,-0.0223,1001.83,100.0,2015-03-26 19:00:00,2,4377,3,3834,538,-128.02,0.06
2.0,7-20,1.2,6,100,6,True,72,True,-1000.0,-0.0223,1034.27,100.0,2014-12-24 10:00:00,5,3614,3,3476,130,-141.16,0.08
0.5,7-20,1.2,4,150,10,True,168,False,-1000.0,-0.0223,1007.2,100.0,2015-04-30 11:00:00,1,3266,7,3179,79,-171.9,0.08
0.5,7-20,1.2,4,250,10,True,24,True,-1000.0,-0.0223,1002.46,100.0,2014-10-15 15:00:00,1,3655,0,3242,412,-128.65,0.08
2.0,all,1.0,6,100,6,False,168,False,-1000.0,-0.0223,1017.73,100.0,2015-01-15 11:00:00,1,3703,19,3654,29,-143.43,0.1
1.5,all,1.2,4,150,6,False,168,True,-1000.0,-0.0223,1074.19,100.0,2015-03-11 12:00:00,2,3844,3,3784,55,-160.24,0.08
1.5,7-20,1.2,4,250,10,False,72,True,-737.34,-0.0164,1120.7,91.2,,0,7853,0,7471,382,-144.0,0.08
0.5,12-21,1.0,6,60,6,True,72,False,-1000.0,-0.0223,1000.27,100.0,2013-08-30 16:00:00,4,1592,24,1540,24,-97.87,0.12
1.0,all,1.2,4,150,6,True,168,True,-1000.0,-0.0223,1075.62,100.0,2015-01-23 14:00:00,0,3750,2,3691,57,-163.66,0.08
1.5,7-20,1.2,3,60,6,False,72,False,-1000.0,-0.0223,1001.48,100.0,2014-10-15 15:00:00,0,3680,13,3538,129,-65.56,0.06
1.5,12-21,1.2,3,250,6,False,24,True,-1000.0,-0.0223,1000.68,100.0,2015-01-23 13:00:00,1,3681,0,3325,355,-57.14,0.06
1.5,all,1.0,3,60,6,True,168,False,-1000.0,-0.0223,1004.2,100.0,2015-01-15 20:00:00,1,3735,34,3656,44,-95.7,0.06
1.0,all,1.0,3,60,6,True,24,True,-1000.0,-0.0223,1006.6,100.0,2013-12-30 18:00:00,4,3156,6,2922,224,-68.17,0.06
1.5,7-20,1.2,4,60,6,False,24,True,-1000.0,-0.0223,1000.68,100.0,2014-03-20 13:00:00,3,3026,3,2783,237,-66.43,0.07
2.0,7-20,1.2,4,100,10,True,24,True,-1000.0,-0.0223,1000.43,100.0,2015-04-24 09:00:00,2,4453,3,3873,575,-141.16,0.06
2.0,7-20,1.0,6,100,6,False,72,True,-1000.0,-0.0223,1034.27,100.0,2014-12-24 10:00:00,5,3614,3,3476,130,-141.16,0.08
2.0,all,1.2,4,250,6,True,168,True,-1000.0,-0.0223,1058.79,100.0,2015-04-09 17:00:00,1,3728,0,3671,56,-147.93,0.08
0.5,12-21,1.2,6,60,10,False,72,True,-1000.0,-0.0223,1022.19,100.0,2015-04-07 11:00:00,0,3267,62,3115,90,-97.87,0.12
2.0,7-20,1.0,3,250,6,True,72,False,-1000.0,-0.0223,1001.75,100.0,2015-01-15 18:00:00,2,3993,0,3828,163,-75.82,0.06
1.0,7-20,1.0,6,150,6,True,72,True,-1000.0,-0.0223,1056.15,100.0,2014-10-08 11:00:00,3,3583,1,3474,105,-221.31,0.11
1.0,12-21,1.2,4,60,6,False,168,False,-1000.0,-0.0223,1011.3,100.0,2014-03-24 18:00:00,3,2131,31,2083,14,-90.25,0.08
